연번,정류소아이디(ID),정류소명,경도,위도,데이터기준일자
1,41013,10호광장/GS마켓,128.0608107,35.17222494,2021-09-09
2,41010,10호광장/들말한보아파트,128.0607303,35.17363619,2021-09-09
3,41009,10호광장/한보하이타운아파트,128.0594861,35.17249791,2021-09-09
4,42022,KBS,128.070659,35.18641268,2021-09-09
5,42021,KBS,128.0702461,35.18548123,2021-09-09
6,35033,kt동진주지점,128.1171298,35.18307947,2021-09-09
7,35032,kt동진주지점,128.1174716,35.18199025,2021-09-09
8,49008,LH 10단지,128.1438407,35.16886904,2021-09-09
9,49007,LH 10단지,128.1441576,35.16896294,2021-09-09
10,49045,LH 8/LH 9단지,128.1461273,35.17048554,2021-09-09
11,49046,LH 8/LH 9단지,128.1462659,35.1703941,2021-09-09
12,49039,LH 9-10 블럭,128.1438226,35.17090059,2021-09-09
13,49040,LH 9-10 블럭,128.1440966,35.17057159,2021-09-09
14,49021,LH3/LH5단지,128.1528514,35.17950228,2021-09-09
15,49022,LH3/LH5단지,128.1530175,35.17921453,2021-09-09
16,11073,LH3단지,128.153537,35.18102344,2021-09-09
17,11060,LH3단지,128.1536625,35.1811642,2021-09-09
18,49014,LH본사/LH4단지,128.1481819,35.17804598,2021-09-09
19,49013,LH본사/LH4단지,128.1483227,35.17810773,2021-09-09
20,48008,MBC,128.1085925,35.16334508,2021-09-09
21,47018,MBC,128.1085741,35.16319879,2021-09-09
22,6048,가곡,128.2956457,35.18393739,2021-09-09
23,6061,가곡,128.2957829,35.18393367,2021-09-09
24,37001,가람초등학교/대림아파트,128.1015065,35.17484048,2021-09-09
25,37002,가람초등학교/대림아파트,128.1015221,35.17497779,2021-09-09
26,12078,가매실,128.0988022,35.25115522,2021-09-09
27,12077,가매실,128.0988874,35.2511567,2021-09-09
28,4056,가봉,128.2107096,35.12383267,2021-09-09
29,4057,가봉,128.2134571,35.12453749,2021-09-09
30,4025,가봉사거리,128.2171197,35.12517899,2021-09-09
31,4059,가봉사거리,128.2168653,35.12542784,2021-09-09
32,4024,가봉사거리,128.2171403,35.12527117,2021-09-09
33,4076,가수동,128.2186329,35.11999239,2021-09-09
34,1101,가수동,128.2188659,35.12017031,2021-09-09
35,10049,가정,128.1848591,35.25071944,2021-09-09
36,10048,가정,128.1848371,35.25089992,2021-09-09
37,5029,가좌,128.209408,35.21266106,2021-09-09
38,47043,가좌삼거리,128.1038172,35.15000173,2021-09-09
39,47027,가좌이주단지,128.1013914,35.14453071,2021-09-09
40,47028,가좌이주단지,128.1014794,35.1455619,2021-09-09
41,47039,가좌주공3단지,128.1088146,35.15564593,2021-09-09
42,47040,가좌주공3단지,128.108852,35.15577402,2021-09-09
43,47003,가좌주공그린빌,128.1011179,35.15029028,2021-09-09
44,47002,가좌주공그린빌,128.1006046,35.14965952,2021-09-09
45,47013,가좌주공아파트,128.1066481,35.16199514,2021-09-09
46,47014,가좌주공아파트,128.1066173,35.16134423,2021-09-09
47,48015,가좌주공아파트후문,128.1119455,35.16152527,2021-09-09
48,47019,가좌주공아파트후문,128.1116143,35.16178968,2021-09-09
49,2044,가호,128.0134742,35.12582733,2021-09-09
50,2043,가호,128.0135271,35.12588998,2021-09-09
51,2080,가호1,128.0103856,35.12912039,2021-09-09
52,2081,가호1,128.0103084,35.12909174,2021-09-09
53,2045,가호경로당,128.0118712,35.12727156,2021-09-09
54,2046,가호경로당,128.0119863,35.12726609,2021-09-09
55,2042,가호입구,128.0154259,35.12485109,2021-09-09
56,2041,가호입구,128.0160713,35.12514762,2021-09-09
57,14091,가화,128.0158322,35.20431851,2021-09-09
58,14092,가화,128.0160921,35.20425099,2021-09-09
59,14075,가화삼거리,127.9969274,35.2168258,2021-09-09
60,14074,가화삼거리,127.9969831,35.21689068,2021-09-09
61,14093,가화회관,128.000715,35.21536598,2021-09-09
62,14094,가화회관,128.000692,35.21528505,2021-09-09
63,43004,각한,128.0552207,35.20603162,2021-09-09
64,44024,각한,128.0549992,35.20587181,2021-09-09
65,1050,갈곡,128.206902,35.14736291,2021-09-09
66,1051,갈곡,128.2071106,35.14736984,2021-09-09
67,18017,갈릴리교회,128.0854937,35.17772727,2021-09-09
68,18016,갈릴리교회,128.0853695,35.17767205,2021-09-09
69,11016,갈전,128.1623652,35.18810431,2021-09-09
70,11015,갈전,128.1624855,35.18807161,2021-09-09
71,1014,갈촌삼거리,128.1940787,35.16850588,2021-09-09
72,1013,갈촌삼거리,128.1936605,35.16823961,2021-09-09
73,42045,갑을가든,128.0741058,35.18303833,2021-09-09
74,42012,갑을가든,128.0744445,35.18332825,2021-09-09
75,15032,갓골,127.9957605,35.1952446,2021-09-09
76,15031,갓골,127.9956773,35.19517092,2021-09-09
77,10096,강골,128.2152535,35.21784123,2021-09-09
78,10073,강골,128.2153261,35.21792612,2021-09-09
79,3082,강남,128.0935212,35.11479348,2021-09-09
80,3083,강남,128.0931652,35.11462319,2021-09-09
81,34015,강동한의원,128.0757882,35.19823285,2021-09-09
82,34014,강동한의원,128.0757619,35.19769456,2021-09-09
83,3009,강서,128.0924222,35.11545458,2021-09-09
84,3017,강주교회,128.0985876,35.11244932,2021-09-09
85,3018,강주교회,128.0986157,35.11249864,2021-09-09
86,13077,개심,128.1047418,35.29088394,2021-09-09
87,13063,개심,128.1047616,35.29072603,2021-09-09
88,13012,개심회관,128.1066035,35.28895169,2021-09-09
89,13011,개심회관,128.106425,35.28896234,2021-09-09
90,6012,개암,128.2930884,35.16733387,2021-09-09
91,6011,개암,128.2933276,35.16736736,2021-09-09
92,48601,개양군부대,128.1256725,35.16389509,2021-09-09
93,48602,개양군부대,128.1262188,35.16371876,2021-09-09
94,48001,개양변전소교차로,128.1114398,35.16025231,2021-09-09
95,48002,개양변전소교차로,128.1119741,35.1602046,2021-09-09
96,47009,개양오거리,128.1077374,35.15775131,2021-09-09
97,47010,개양오거리,128.1075283,35.15791095,2021-09-09
98,33002,갤러리아백화점,128.0818704,35.19713766,2021-09-09
99,33001,갤러리아백화점,128.081507,35.19684798,2021-09-09
100,8068,거곡,128.2804434,35.20418858,2021-09-09
101,8069,거곡,128.2804459,35.20434853,2021-09-09
102,8040,거곡경로회관,128.2829672,35.20669896,2021-09-09
103,8039,거곡경로회관,128.2833249,35.20692274,2021-09-09
104,7035,검정,128.338782,35.18969147,2021-09-09
105,7036,검정,128.3389723,35.18957896,2021-09-09
106,7034,검정사거리,128.3354976,35.19025273,2021-09-09
107,7033,검정사거리,128.3355949,35.19016378,2021-09-09
108,5031,경남과학고등학교,128.2218698,35.19992659,2021-09-09
109,5032,경남과학고등학교,128.2216384,35.19966766,2021-09-09
110,39040,경남도로관리사업소진주지소,128.1191166,35.208881,2021-09-09
111,39041,경남도로관리사업소진주지소,128.1191596,35.20881076,2021-09-09
112,20004,경남문화예술회관,128.093164,35.18652482,2021-09-09
113,20003,경남문화예술회관,128.0931016,35.18637442,2021-09-09
114,39018,경남서부보훈지청,128.1170809,35.21238781,2021-09-09
115,39017,경남서부보훈지청,128.1166104,35.21251383,2021-09-09
116,39019,경남서부청사/보건소,128.1223119,35.21244308,2021-09-09
117,39020,경남서부청사/보건소,128.121578,35.21258507,2021-09-09
118,38009,경남예술고등학교,128.1023975,35.21541106,2021-09-09
119,38010,경남예술고등학교,128.1022925,35.21536019,2021-09-09
120,38012,경남예술고등학교정문,128.1043601,35.2151656,2021-09-09
121,38013,경남예술고등학교정문,128.1039731,35.2149776,2021-09-09
122,35043,경남예식장,128.1174113,35.17898723,2021-09-09
123,38008,경남자동차고등학교,128.1007609,35.21905592,2021-09-09
124,38007,경남자동차고등학교,128.1008752,35.21877773,2021-09-09
125,48018,경남정보고등학교,128.1176408,35.158458,2021-09-09
126,48017,경남정보고등학교,128.1177992,35.15860075,2021-09-09
127,47004,경상국립대학교가좌캠퍼스정문,128.1044682,35.15175144,2021-09-09
128,47005,경상국립대학교가좌캠퍼스정문,128.1056989,35.15268208,2021-09-09
129,47008,경상국립대학교가좌캠퍼스후문,128.1073876,35.15542013,2021-09-09
130,47007,경상국립대학교가좌캠퍼스후문,128.1070501,35.15522042,2021-09-09
131,19015,경상국립대학교병원,128.0968863,35.1759482,2021-09-09
132,19014,경상국립대학교병원,128.0964192,35.17549277,2021-09-09
133,20009,경상국립대학교칠암캠퍼스정문,128.0967611,35.17888532,2021-09-09
134,20010,경상국립대학교칠암캠퍼스정문,128.0966265,35.17908032,2021-09-09
135,7001,경상남도수목원,128.2971615,35.16274335,2021-09-09
136,7002,경상남도수목원,128.2970234,35.16302874,2021-09-09
137,7047,경상남도수목원주차장,128.2950108,35.16380735,2021-09-09
138,7048,경상남도수목원주차장,128.2952282,35.16384783,2021-09-09
139,46040,경해여자고등학교,128.0397112,35.16428937,2021-09-09
140,46047,경해여자중학교,128.0432285,35.16642882,2021-09-09
141,46048,경해여자중학교,128.0433912,35.16647269,2021-09-09
142,1098,계리,128.163007,35.13496146,2021-09-09
143,14084,계원,128.0441493,35.26707609,2021-09-09
144,14114,계원,128.0442381,35.26714067,2021-09-09
145,14115,계원리저수지,128.0432727,35.27327553,2021-09-09
146,14086,계원저수지,128.0431721,35.27314346,2021-09-09
147,14049,계원회관,128.0435054,35.27042544,2021-09-09
148,14048,계원회관,128.0437034,35.27022545,2021-09-09
149,1003,고려맨션,128.1603155,35.16419685,2021-09-09
150,1004,고려맨션,128.1604943,35.16442272,2021-09-09
151,3042,고미사거리,128.1386727,35.13788147,2021-09-09
152,3043,고미사거리,128.1385059,35.13792134,2021-09-09
153,20008,고속버스터미널,128.0933754,35.17895199,2021-09-09
154,20007,고속버스터미널,128.0936638,35.17876462,2021-09-09
155,15020,고월,127.9968854,35.14101466,2021-09-09
156,15019,고월,127.9971378,35.14079176,2021-09-09
157,10032,곡정,128.1654291,35.30427515,2021-09-09
158,10033,곡정,128.1653111,35.30428756,2021-09-09
159,12125,곤충자원산업화지원센터,128.1258725,35.22594066,2021-09-09
160,12126,곤충자원산업화지원센터,128.1258006,35.22610357,2021-09-09
161,11020,공군교육사령부정문,128.1505537,35.18491162,2021-09-09
162,11019,공군교육사령부정문,128.1507856,35.18481027,2021-09-09
163,1109,공군교육사령부후문,128.1502893,35.20665106,2021-09-09
164,11037,공군교육사령부후문,128.1498434,35.20501269,2021-09-09
165,35012,공단광장,128.1163384,35.18000207,2021-09-09
166,35011,공단광장,128.115133,35.17975856,2021-09-09
167,36023,공단시장,128.1200056,35.18444766,2021-09-09
168,35041,공단시장,128.1201819,35.18429507,2021-09-09
169,2087,공영차고지,128.0852206,35.15403432,2021-09-09
170,2088,공영차고지,128.0851285,35.15392248,2021-09-09
171,10004,관동,128.1451793,35.25093925,2021-09-09
172,10003,관동,128.1453084,35.25093578,2021-09-09
173,11063,관방,128.1654382,35.23221541,2021-09-09
174,11036,관방,128.1654483,35.23195845,2021-09-09
175,11044,관방,128.1639203,35.22902953,2021-09-09
176,11045,관방1,128.162167,35.22563367,2021-09-09
177,14120,관지,128.0381755,35.25018173,2021-09-09
178,14121,관지,128.038272,35.24999163,2021-09-09
179,14082,관지,128.0418628,35.25092207,2021-09-09
180,14112,관지,128.0417795,35.25085519,2021-09-09
181,14044,관지소류지,128.040573,35.253601,2021-09-09
182,14045,관지소류지,128.0405815,35.25383076,2021-09-09
183,16033,광명,127.9571962,35.15918755,2021-09-09
184,16032,광명,127.9571027,35.15916801,2021-09-09
185,10021,광석,128.1672287,35.27264323,2021-09-09
186,10022,광석,128.1671104,35.27262634,2021-09-09
187,10086,광석삼거리,128.1686095,35.26681664,2021-09-09
188,10085,광석삼거리,128.1685128,35.26677927,2021-09-09
189,5030,교동,128.2170639,35.1698859,2021-09-09
190,3074,구)예하초등학교,128.0945113,35.12199975,2021-09-09
191,36012,구.35번종점,128.1222832,35.18820977,2021-09-09
192,36011,구.35번종점,128.1221191,35.1882541,2021-09-09
193,1052,구.갈촌역,128.2108639,35.14592412,2021-09-09
194,1053,구.갈촌역,128.2111111,35.14575941,2021-09-09
195,38004,구.대신주유소,128.1020281,35.21082683,2021-09-09
196,38003,구.대신주유소,128.1021409,35.21064555,2021-09-09
197,12131,구.덕오초등학교,128.1256329,35.24894831,2021-09-09
198,12130,구.덕오초등학교,128.1264006,35.24864824,2021-09-09
199,19002,구.망경주유소,128.0879951,35.17576702,2021-09-09
200,19001,구.망경주유소,128.0879305,35.17565719,2021-09-09
201,1057,구.문산역/문산행복주택,128.1617163,35.16506895,2021-09-09
202,1058,구.문산역/문산행복주택,128.1616186,35.1651465,2021-09-09
203,35002,구.법원,128.1023525,35.17937083,2021-09-09
204,35001,구.법원,128.1027728,35.17920027,2021-09-09
205,32004,구.부산교통사거리,128.0892213,35.19424168,2021-09-09
206,32003,구.부산교통사거리,128.0889198,35.19406638,2021-09-09
207,37030,구.삼삼주유소,128.117841,35.17649793,2021-09-09
208,37029,구.삼삼주유소,128.1175723,35.17651393,2021-09-09
209,3075,구.예하초등학교,128.0941575,35.12197568,2021-09-09
210,17003,구.제일예식장,128.0860743,35.18691984,2021-09-09
211,17004,구.제일예식장,128.0862674,35.18699247,2021-09-09
212,19004,구.철길건널목교차로,128.0906503,35.1750559,2021-09-09
213,19003,구.철길건널목교차로,128.0896377,35.17526555,2021-09-09
214,39024,구.초전주유소,128.1231934,35.20907308,2021-09-09
215,39023,구.초전주유소,128.1235005,35.20924148,2021-09-09
216,37026,구.한일병원,128.1182569,35.17061066,2021-09-09
217,37025,구.한일병원,128.1179567,35.17091331,2021-09-09
218,37019,구.한일병원앞,128.1188787,35.17131039,2021-09-09
219,37020,구.한일병원앞,128.1185887,35.17137841,2021-09-09
220,9006,구계,128.2524661,35.21734926,2021-09-09
221,9005,구계,128.2526676,35.21706102,2021-09-09
222,6009,구리/반성시장,128.2838951,35.1705839,2021-09-09
223,6010,구리/반성시장,128.2845237,35.17042176,2021-09-09
224,14052,구배골,128.0329508,35.28523864,2021-09-09
225,14053,구배골,128.0330806,35.28525399,2021-09-09
226,16098,구사,127.8949366,35.22672826,2021-09-09
227,16099,구사,127.8950195,35.22677947,2021-09-09
228,16080,구사1,127.8952298,35.23117632,2021-09-09
229,16079,구사1,127.895143,35.23102148,2021-09-09
230,2095,구시골,128.0326967,35.14792299,2021-09-09
231,2096,구시골,128.032793,35.1479492,2021-09-09
232,11001,구암,128.1314977,35.21299073,2021-09-09
233,11002,구암,128.1311225,35.21266076,2021-09-09
234,9033,구절,128.2619647,35.23003521,2021-09-09
235,9032,구절,128.2615524,35.23036397,2021-09-09
236,5013,구천,128.2269858,35.16143987,2021-09-09
237,5044,구천,128.2269957,35.16133837,2021-09-09
238,16025,구태,127.9151191,35.21660434,2021-09-09
239,16026,구태,127.9151804,35.2166895,2021-09-09
240,42034,국제아파트,128.062183,35.18278522,2021-09-09
241,42033,국제아파트,128.0632592,35.18217641,2021-09-09
242,1066,그린빌라,128.1991557,35.17078331,2021-09-09
243,4067,금곡농협,128.1871585,35.09198835,2021-09-09
244,4037,금곡면사무소,128.1874704,35.09497086,2021-09-09
245,4038,금곡면사무소,128.1873507,35.09484359,2021-09-09
246,4039,금곡사거리,128.1870157,35.0906468,2021-09-09
247,4040,금곡사거리,128.1868738,35.09069326,2021-09-09
248,4077,금곡종점,128.1879924,35.09051958,2021-09-09
249,4047,금곡종점,128.1885239,35.0906816,2021-09-09
250,4035,금곡중학교,128.1834468,35.10339007,2021-09-09
251,4036,금곡중학교,128.1835674,35.10338664,2021-09-09
252,16042,금동,127.9316608,35.20159976,2021-09-09
253,16043,금동,127.9316566,35.20123026,2021-09-09
254,11005,금산농협,128.1457111,35.21473624,2021-09-09
255,11006,금산농협,128.1456002,35.21465392,2021-09-09
256,11074,금산농협갈전지점,128.1525427,35.18370504,2021-09-09
257,11075,금산농협갈전지점,128.1523114,35.18365317,2021-09-09
258,11008,금산면사무소/금산흥한아파트,128.1498567,35.21257439,2021-09-09
259,11007,금산면사무소/금산흥한아파트,128.1496816,35.21281265,2021-09-09
260,11051,금산아이파크/금산흥한아파트,128.1468737,35.21598704,2021-09-09
261,11029,금산아이파크/금산흥한아파트,128.146632,35.21598257,2021-09-09
262,11030,금산우체국/금산푸르지오2단지,128.1479963,35.21772265,2021-09-09
263,11031,금산우체국/금산푸르지오2단지,128.1482096,35.21765979,2021-09-09
264,11003,금산진흥루벤스아파트,128.1390764,35.21404402,2021-09-09
265,11004,금산진흥루벤스아파트,128.1391182,35.21389266,2021-09-09
266,15014,금성,127.9729968,35.14345312,2021-09-09
267,15013,금성,127.9731061,35.14341393,2021-09-09
268,39006,금성초등학교,128.116455,35.19855645,2021-09-09
269,7058,금야,128.268044,35.14556448,2021-09-09
270,6039,금야,128.2679006,35.14569667,2021-09-09
271,19012,금호석류/은빛한보아파트,128.094622,35.17204127,2021-09-09
272,19013,금호석류/은빛한보아파트,128.0946313,35.17152048,2021-09-09
273,11079,금호지,128.1513852,35.20728711,2021-09-09
274,11055,금호지,128.1512172,35.20723484,2021-09-09
275,12080,기동,128.0747111,35.23065309,2021-09-09
276,12081,기동,128.0759216,35.23203495,2021-09-09
277,13088,기전,128.1262658,35.32977163,2021-09-09
278,13068,기전,128.1262232,35.32987342,2021-09-09
279,13045,기전1,128.1301231,35.33429834,2021-09-09
280,13044,기전1,128.1300127,35.33427008,2021-09-09
281,13090,기전회관,128.1294769,35.33330847,2021-09-09
282,13089,기전회관,128.1294574,35.33309235,2021-09-09
283,7011,길성,128.3249442,35.14864407,2021-09-09
284,7062,길성리,128.3266149,35.14731422,2021-09-09
285,37032,김시민대교입구,128.1236245,35.17578647,2021-09-09
286,37033,김시민대교입구,128.1216561,35.17593089,2021-09-09
287,49031,나래공원,128.1339297,35.17463365,2021-09-09
288,49032,나래공원,128.1343691,35.17465883,2021-09-09
289,14102,나부리,128.0458353,35.21316951,2021-09-09
290,14103,나부리,128.0459773,35.21324783,2021-09-09
291,44026,나부리경로당,128.0506016,35.21038013,2021-09-09
292,44025,나부리경로당,128.0502054,35.21038992,2021-09-09
293,25009,나불천복개도로교차로,128.0725414,35.18909317,2021-09-09
294,25010,나불천복개도로교차로,128.0727876,35.1890279,2021-09-09
295,10074,남강노인복지센터,128.1982487,35.230302,2021-09-09
296,10075,남강노인복지센터,128.1981443,35.23029628,2021-09-09
297,35026,남강초등학교,128.1075508,35.18263343,2021-09-09
298,35025,남강초등학교,128.1075236,35.18244891,2021-09-09
299,35027,남강초등학교앞,128.1105209,35.18327995,2021-09-09
300,35044,남강카누빌,128.0998835,35.18168484,2021-09-09
301,8060,남마성,128.2376366,35.20467205,2021-09-09
302,8059,남마성,128.2376785,35.20453643,2021-09-09
303,8048,남마성경로회관,128.2364157,35.20417305,2021-09-09
304,8047,남마성경로회관,128.2365403,35.20406362,2021-09-09
305,6042,남산,128.262766,35.14680705,2021-09-09
306,7057,남산,128.2626504,35.14678347,2021-09-09
307,7059,남산삼거리,128.2734684,35.14457701,2021-09-09
308,7056,남산회관,128.2605846,35.14783921,2021-09-09
309,6043,남산회관,128.2607519,35.14783522,2021-09-09
310,14072,남성,128.0501208,35.26803611,2021-09-09
311,14071,남성,128.0500192,35.26804149,2021-09-09
312,11042,남성,128.1602421,35.23565868,2021-09-09
313,11043,남성회관,128.1619378,35.23478394,2021-09-09
314,6045,남영화학,128.2584246,35.1481298,2021-09-09
315,7055,남영화학,128.2583001,35.14806124,2021-09-09
316,3069,내계,128.1441636,35.12470903,2021-09-09
317,2005,내동교차로,128.0699912,35.15890627,2021-09-09
318,2006,내동교차로,128.0696295,35.15915281,2021-09-09
319,2003,내동면사무소,128.0690477,35.160404,2021-09-09
320,2004,내동면사무소,128.0691606,35.16064636,2021-09-09
321,2001,내동초등학교/남강휴먼빌,128.0677047,35.1634555,2021-09-09
322,2002,내동초등학교/남강휴먼빌,128.0673742,35.16335927,2021-09-09
323,13015,내리실,128.0789817,35.30568352,2021-09-09
324,13016,내리실,128.0788974,35.30575187,2021-09-09
325,14030,내율,128.0059062,35.29108515,2021-09-09
326,14029,내율,128.0059915,35.29095995,2021-09-09
327,13072,내인,128.0902501,35.32054824,2021-09-09
328,13073,내인,128.0903605,35.32057879,2021-09-09
329,5014,내촌,128.2571327,35.16668718,2021-09-09
330,15036,내촌,127.9884301,35.16226483,2021-09-09
331,5015,내촌,128.2569629,35.16671147,2021-09-09
332,15035,내촌,127.9882895,35.16221416,2021-09-09
333,15040,내촌1,127.9832138,35.1668116,2021-09-09
334,15039,내촌1,127.9836045,35.16666872,2021-09-09
335,15034,내촌삼거리,127.9889065,35.16059352,2021-09-09
336,15033,내촌삼거리,127.9888099,35.16054473,2021-09-09
337,14124,내팔미,128.0024916,35.26313602,2021-09-09
338,14125,내팔미,128.0024302,35.26328524,2021-09-09
339,2077,내평,128.0234,35.13696141,2021-09-09
340,2078,내평,128.0234008,35.13658851,2021-09-09
341,2036,내평회관입구,128.0247096,35.13851993,2021-09-09
342,2035,내평회관입구,128.0251686,35.13868439,2021-09-09
343,12083,냉정,128.0985477,35.25600849,2021-09-09
344,12106,냉정,128.0989063,35.25377478,2021-09-09
345,12107,냉정,128.0990483,35.25378878,2021-09-09
346,12079,냉정종점,128.098003,35.25768106,2021-09-09
347,12108,냉정종점,128.0979256,35.2576412,2021-09-09
348,12082,냉정회관,128.0982805,35.25605847,2021-09-09
349,32002,논개시장,128.0873168,35.19406952,2021-09-09
350,32001,논개시장,128.0866609,35.19366757,2021-09-09
351,32005,논개시장주차장,128.0876848,35.19490893,2021-09-09
352,32006,논개시장주차장,128.0879744,35.19480268,2021-09-09
353,39025,농산물도매시장/산업인력공단,128.1239842,35.21146994,2021-09-09
354,39044,농산물도매시장/산업인력공단,128.1244634,35.21119715,2021-09-09
355,39045,농산물도매시장입구,128.1254585,35.21108572,2021-09-09
356,39014,농업기술원,128.1156116,35.21034866,2021-09-09
357,39013,농업기술원,128.1153534,35.21113968,2021-09-09
358,28001,농협중앙지점,128.084688,35.19186013,2021-09-09
359,28002,농협중앙지점,128.0848338,35.19209316,2021-09-09
360,11027,느티나무아파트,128.1456827,35.21787738,2021-09-09
361,8010,다무,128.2730486,35.17626606,2021-09-09
362,8011,다무,128.2733418,35.17623594,2021-09-09
363,8008,다무경로회관,128.2694347,35.17839722,2021-09-09
364,8009,다무경로회관,128.2703303,35.17811068,2021-09-09
365,14128,다원,128.0266169,35.20158222,2021-09-09
366,14127,다원,128.0265849,35.2016591,2021-09-09
367,10009,단목,128.1440089,35.25697767,2021-09-09
368,10008,단목,128.1440077,35.25689882,2021-09-09
369,10005,단목삼거리,128.1488145,35.25355457,2021-09-09
370,10007,단목삼거리,128.1487636,35.25364518,2021-09-09
371,6033,답천,128.2876928,35.15909505,2021-09-09
372,6032,답천,128.2877866,35.15912785,2021-09-09
373,15042,당촌,127.9778526,35.17121285,2021-09-09
374,15041,당촌,127.9776871,35.17114659,2021-09-09
375,15603,당촌경로당,127.9724305,35.17864481,2021-09-09
376,15604,당촌경로당,127.9725195,35.17874324,2021-09-09
377,15043,당촌삼거리,127.9726408,35.17346754,2021-09-09
378,15044,당촌삼거리,127.9727537,35.17349818,2021-09-09
379,16086,대각,127.9327921,35.22082729,2021-09-09
380,16085,대각,127.9329034,35.22071152,2021-09-09
381,16012,대각1,127.9327987,35.22572361,2021-09-09
382,16013,대각1,127.9328893,35.22572291,2021-09-09
383,16010,대각회관,127.9321724,35.22282622,2021-09-09
384,16011,대각회관,127.9322865,35.22295152,2021-09-09
385,13069,대곡,128.1393994,35.33971804,2021-09-09
386,13070,대곡,128.1394443,35.33977846,2021-09-09
387,10083,대곡고등학교,128.1668163,35.26131585,2021-09-09
388,10084,대곡고등학교,128.1667569,35.26139303,2021-09-09
389,10068,대곡농공단지,128.183288,35.25809152,2021-09-09
390,10069,대곡농공단지,128.1834388,35.25807202,2021-09-09
391,10046,대곡농공단지입구,128.1802893,35.25551386,2021-09-09
392,10047,대곡농공단지입구,128.1802141,35.25544249,2021-09-09
393,10019,대곡면사무소,128.1690633,35.26436753,2021-09-09
394,10020,대곡면사무소,128.168959,35.26437304,2021-09-09
395,10018,대곡삼거리,128.1685149,35.26195063,2021-09-09
396,10017,대곡삼거리,128.1682867,35.26193932,2021-09-09
397,13047,대곡회관,128.1429655,35.34066451,2021-09-09
398,13046,대곡회관,128.1429584,35.34074569,2021-09-09
399,7004,대동,128.3022425,35.16022417,2021-09-09
400,2089,대동1,128.0896638,35.15129965,2021-09-09
401,2090,대동1,128.0898094,35.15131862,2021-09-09
402,2091,대동2,128.0924168,35.1503713,2021-09-09
403,2092,대동2,128.0926222,35.15034466,2021-09-09
404,47031,대동아파트,128.1110716,35.1632435,2021-09-09
405,48016,대동아파트,128.1113627,35.16306283,2021-09-09
406,3096,대명엔지니어링,128.109136,35.12595625,2021-09-09
407,3097,대명엔지니어링,128.1089947,35.12605218,2021-09-09
408,3077,대방,128.0893473,35.13187482,2021-09-09
409,10039,대봉,128.1730108,35.25900726,2021-09-09
410,10040,대봉,128.1729198,35.25917713,2021-09-09
411,1094,대사,128.2509797,35.14618801,2021-09-09
412,5022,대사입구,128.2546604,35.14900028,2021-09-09
413,5023,대사입구,128.2545403,35.14904208,2021-09-09
414,10080,대성금속,128.1373991,35.26185735,2021-09-09
415,10076,대성금속,128.1374196,35.26194954,2021-09-09
416,44004,대아중고등학교,128.0580872,35.19075705,2021-09-09
417,44003,대아중고등학교,128.0581234,35.19057877,2021-09-09
418,12020,대암,128.0811094,35.26828815,2021-09-09
419,12019,대암,128.0809464,35.26822201,2021-09-09
420,18004,대양주유소,128.0832017,35.18472612,2021-09-09
421,18003,대양주유소,128.0836403,35.18468839,2021-09-09
422,16030,대우,127.9141917,35.23894583,2021-09-09
423,16029,대우,127.9145571,35.23919994,2021-09-09
424,16031,대우경로당,127.9158147,35.24088715,2021-09-09
425,3111,대중산업,128.0978983,35.11812009,2021-09-09
426,7005,대천,128.3074926,35.15678523,2021-09-09
427,7006,대천,128.3074921,35.15658695,2021-09-09
428,3022,대초,128.1115718,35.10922593,2021-09-09
429,3021,대초,128.1116085,35.10910392,2021-09-09
430,15012,대평면사무소,127.960307,35.23283387,2021-09-09
431,15048,대평면사무소,127.9603902,35.23290531,2021-09-09
432,15010,대평삼거리,127.9629031,35.22989076,2021-09-09
433,15011,대평삼거리,127.9627618,35.22978598,2021-09-09
434,15022,대평입구,127.9612517,35.23050776,2021-09-09
435,9001,대필동,128.2470513,35.22414673,2021-09-09
436,9002,대필동,128.2468599,35.22402027,2021-09-09
437,1023,대호,128.1490968,35.15491002,2021-09-09
438,1024,대호,128.1490009,35.15491769,2021-09-09
439,48023,대호빌라,128.1163835,35.16219064,2021-09-09
440,1021,대호영농조합,128.1485329,35.15207402,2021-09-09
441,1022,대호영농조합,128.1484045,35.151913,2021-09-09
442,5010,대흥,128.2436225,35.18873012,2021-09-09
443,5009,대흥,128.2445323,35.18899566,2021-09-09
444,12068,대흥조경,128.1195879,35.25737735,2021-09-09
445,12069,대흥조경,128.1197088,35.25737849,2021-09-09
446,4046,덕계,128.2002399,35.07322059,2021-09-09
447,4068,덕계,128.2002416,35.07315523,2021-09-09
448,14046,덕곡,128.0417045,35.25873541,2021-09-09
449,10059,덕곡,128.1847018,35.22536338,2021-09-09
450,10095,덕곡,128.1846756,35.22525774,2021-09-09
451,14047,덕곡,128.0418012,35.25877288,2021-09-09
452,16022,덕곡경로당,127.9260029,35.21175364,2021-09-09
453,16021,덕곡경로당,127.9256917,35.21185842,2021-09-09
454,10054,덕곡입구,128.1978845,35.22775498,2021-09-09
455,16008,덕곡입구,127.9334382,35.20746714,2021-09-09
456,16009,덕곡입구,127.9335341,35.20745062,2021-09-09
457,10055,덕곡입구,128.1979638,35.22754465,2021-09-09
458,1033,덕남/문산행복주택,128.1636307,35.16597666,2021-09-09
459,1034,덕남/문산행복주택,128.1637246,35.16601857,2021-09-09
460,44002,덕산아파트/대아중고등학교,128.0574688,35.18772731,2021-09-09
461,44001,덕산아파트/대아중고등학교,128.0570778,35.18826475,2021-09-09
462,12064,덕성,128.1235382,35.25021831,2021-09-09
463,12065,덕성,128.1233324,35.25023599,2021-09-09
464,12066,덕성1,128.1206678,35.25480544,2021-09-09
465,12067,덕성1,128.1205811,35.25469584,2021-09-09
466,12084,덕성회관입구,128.1213709,35.25260204,2021-09-09
467,12132,덕성회관입구,128.1214671,35.25261016,2021-09-09
468,9040,덕암,128.2714609,35.23744569,2021-09-09
469,9039,덕암,128.2714568,35.23735786,2021-09-09
470,11070,덕의,128.1397439,35.22561486,2021-09-09
471,11072,덕의,128.1395883,35.22548564,2021-09-09
472,11077,덕정,128.1504949,35.22301772,2021-09-09
473,11041,덕정,128.150691,35.22305297,2021-09-09
474,13052,덕진,128.1463677,35.29773631,2021-09-09
475,13051,덕진,128.146326,35.29782886,2021-09-09
476,13053,덕진회관,128.1471146,35.29937158,2021-09-09
477,13062,덕천,128.1305932,35.28886501,2021-09-09
478,10037,덕촌,128.1616415,35.31658246,2021-09-09
479,10036,덕촌,128.1615373,35.31659923,2021-09-09
480,6013,도동,128.2986978,35.16688894,2021-09-09
481,6014,도동,128.2986533,35.16702825,2021-09-09
482,36002,도동초등학교,128.1170103,35.18920694,2021-09-09
483,36001,도동초등학교,128.1167494,35.18897972,2021-09-09
484,16062,도량,127.8964904,35.21095278,2021-09-09
485,16063,도량,127.896434,35.21107263,2021-09-09
486,6026,도장,128.278055,35.16264678,2021-09-09
487,6027,도장,128.2778864,35.16256744,2021-09-09
488,6053,도장입구,128.2784893,35.16970375,2021-09-09
489,12140,돌보입구,128.0691457,35.25236652,2021-09-09
490,12139,돌보입구,128.0688593,35.25231497,2021-09-09
491,37011,동국1차아파트,128.1078829,35.17090223,2021-09-09
492,37012,동국1차아파트,128.107846,35.17081469,2021-09-09
493,37013,동국2차아파트,128.1104254,35.17101189,2021-09-09
494,37014,동국2차아파트,128.1103227,35.17092495,2021-09-09
495,4074,동례,128.1811295,35.1081062,2021-09-09
496,4075,동례,128.1812569,35.10800807,2021-09-09
497,4033,동례회관,128.1820571,35.10607599,2021-09-09
498,4034,동례회관,128.1819659,35.1060273,2021-09-09
499,1028,동물소류지,128.1537749,35.14405222,2021-09-09
500,1079,동물소류지,128.1535579,35.14426484,2021-09-09
501,1068,동방,128.1917292,35.13873673,2021-09-09
502,1087,동방,128.1917108,35.13841245,2021-09-09
503,1046,동방1,128.1943827,35.14086921,2021-09-09
504,1047,동방1,128.1944311,35.14080114,2021-09-09
505,1049,동방회관,128.1908489,35.13667691,2021-09-09
506,1048,동방회관,128.1907551,35.13683331,2021-09-09
507,35036,동부농협/홈플러스,128.1168825,35.18686945,2021-09-09
508,35034,동부시장,128.1172237,35.18573518,2021-09-09
509,35035,동부시장,128.1169711,35.1855212,2021-09-09
510,5035,동산,128.2273123,35.1891917,2021-09-09
511,5034,동산,128.2273963,35.18911874,2021-09-09
512,15023,동산재,127.9963287,35.18670453,2021-09-09
513,15024,동산재,127.9962247,35.18672116,2021-09-09
514,4072,동양기계,128.1866559,35.08851874,2021-09-09
515,4073,동양기계,128.1867268,35.08849551,2021-09-09
516,3092,동양기공,128.1021486,35.11603575,2021-09-09
517,3093,동양기공,128.1022358,35.1162017,2021-09-09
518,16097,동월,127.894846,35.22173115,2021-09-09
519,16096,동월,127.8947675,35.22182862,2021-09-09
520,16068,동월1,127.8956874,35.22433648,2021-09-09
521,16069,동월1,127.8957351,35.22443076,2021-09-09
522,3127,동이피엠씨,128.1010423,35.11994602,2021-09-09
523,9082,동일단조,128.2612565,35.20786892,2021-09-09
524,9083,동일단조,128.2614433,35.2078805,2021-09-09
525,37004,동일스위트아파트,128.1039696,35.17495325,2021-09-09
526,37003,동일스위트아파트,128.1040703,35.17509204,2021-09-09
527,15030,동잔골,127.9957458,35.19921273,2021-09-09
528,15029,동잔골,127.995649,35.19915043,2021-09-09
529,14089,동전,128.0333369,35.28253597,2021-09-09
530,14090,동전,128.0334254,35.28258479,2021-09-09
531,9062,동지,128.2259575,35.2496904,2021-09-09
532,9077,동지,128.2258759,35.24974305,2021-09-09
533,9078,동지교회,128.2158284,35.2499368,2021-09-09
534,9022,동지교회,128.2160018,35.2492253,2021-09-09
535,9090,동지입구,128.2296341,35.25146565,2021-09-09
536,9091,동지입구,128.2296181,35.2513126,2021-09-09
537,9079,동지회관,128.2138832,35.25395575,2021-09-09
538,9021,동지회관,128.2137763,35.2539726,2021-09-09
539,7040,동촌,128.3445512,35.17302611,2021-09-09
540,7041,동촌,128.3445362,35.17294967,2021-09-09
541,13013,동향,128.0993511,35.29727585,2021-09-09
542,13014,동향,128.099344,35.29715199,2021-09-09
543,13078,동향저수지,128.0946472,35.30430797,2021-09-09
544,13079,동향저수지,128.0947517,35.30431378,2021-09-09
545,44030,두곡,128.0544473,35.19498662,2021-09-09
546,44027,두곡,128.0546978,35.19461265,2021-09-09
547,3024,두량저수지,128.1146037,35.11057977,2021-09-09
548,3023,두량저수지,128.1147195,35.11042606,2021-09-09
549,1100,두문,128.1944043,35.1009301,2021-09-09
550,1026,두산,128.1522377,35.14553822,2021-09-09
551,1027,두산,128.1514443,35.14607753,2021-09-09
552,5020,두소,128.2594801,35.15841377,2021-09-09
553,5021,두소,128.2595653,35.1584174,2021-09-09
554,5045,두소1,128.2590884,35.15684736,2021-09-09
555,5046,두소1,128.2591294,35.15666442,2021-09-09
556,5041,두소회관,128.2551132,35.1524002,2021-09-09
557,5040,두소회관,128.2551445,35.15230073,2021-09-09
558,41012,들말대경아파트,128.0620432,35.17562783,2021-09-09
559,41011,들말대경아파트,128.0625246,35.1759233,2021-09-09
560,41030,들말한보공원,128.063241,35.17214054,2021-09-09
561,41031,들말한보공원,128.0634243,35.17209612,2021-09-09
562,8078,등건,128.2442618,35.19753584,2021-09-09
563,8046,등건,128.2442594,35.19737814,2021-09-09
564,36015,럭키강변아파트,128.1286145,35.1864373,2021-09-09
565,36016,럭키강변아파트,128.1288593,35.18643034,2021-09-09
566,32009,로컬푸드직매장,128.103079,35.20997004,2021-09-09
567,38011,로컬푸드직매장,128.1031377,35.20984558,2021-09-09
568,23001,롯데시네마,128.0827169,35.19245911,2021-09-09
569,26001,롯데시네마,128.0820854,35.19243997,2021-09-09
570,33003,롯데인벤스,128.0833741,35.19750727,2021-09-09
571,33004,롯데인벤스,128.0837988,35.19744939,2021-09-09
572,9041,마실,128.274644,35.24324569,2021-09-09
573,9042,마실,128.2745497,35.2431881,2021-09-09
574,10062,마진,128.2236253,35.2198749,2021-09-09
575,10063,마진,128.2236266,35.21977575,2021-09-09
576,10060,마호,128.2191729,35.21903657,2021-09-09
577,10061,마호,128.2192875,35.2189881,2021-09-09
578,31007,말티고개,128.0981313,35.19770781,2021-09-09
579,31008,말티고개,128.0984375,35.19761716,2021-09-09
580,36006,말티삼거리,128.1166105,35.19588042,2021-09-09
581,36005,말티삼거리,128.1163607,35.19567768,2021-09-09
582,39004,말티삼거리앞,128.1153571,35.1963584,2021-09-09
583,39005,말티삼거리앞,128.1153823,35.19619368,2021-09-09
584,18015,망경초등학교,128.0844172,35.17953726,2021-09-09
585,18014,망경초등학교,128.0842771,35.17952274,2021-09-09
586,18005,망경치안센터,128.0814652,35.1839575,2021-09-09
587,18006,망경치안센터,128.0810955,35.18401939,2021-09-09
588,18010,망경한보아파트정문,128.0790658,35.18287481,2021-09-09
589,18011,망경한보아파트정문,128.0790082,35.18267028,2021-09-09
590,18013,망경한보아파트후문,128.0821941,35.18283563,2021-09-09
591,18012,망경한보아파트후문,128.0822002,35.18270018,2021-09-09
592,3033,매동,128.1092743,35.13322275,2021-09-09
593,3032,매동,128.1093149,35.13308061,2021-09-09
594,3035,매동경로당,128.1124041,35.1369673,2021-09-09
595,3057,매동경로당,128.1122327,35.136857,2021-09-09
596,3056,매동입구,128.1140245,35.13442844,2021-09-09
597,44029,면호실,128.0545146,35.19681096,2021-09-09
598,44023,면호실,128.0541747,35.19698638,2021-09-09
599,14039,명석면사무소/명석초등학교,128.0407549,35.21903691,2021-09-09
600,14038,명석면사무소/명석초등학교,128.0408566,35.21904279,2021-09-09
601,14131,명석문화센터,127.9935501,35.24848206,2021-09-09
602,14022,명석문화센터,127.9942533,35.25015769,2021-09-09
603,14023,명석문화센터,127.9940208,35.24956023,2021-09-09
604,14132,명석삼거리,128.0412691,35.21622125,2021-09-09
605,14133,명석삼거리,128.0410141,35.21603417,2021-09-09
606,14006,명석삼거리/명석중학교,128.0413212,35.21586171,2021-09-09
607,39031,명신고등학교,128.1126305,35.21440714,2021-09-09
608,39015,명신고등학교,128.1128094,35.21403596,2021-09-09
609,14001,명신관광,128.0300238,35.21007511,2021-09-09
610,14002,명신관광,128.0299469,35.21007126,2021-09-09
611,16073,명월,127.934576,35.17377624,2021-09-09
612,16072,명월,127.9345688,35.17386642,2021-09-09
613,7019,모곡,128.3198632,35.16373963,2021-09-09
614,7018,모곡,128.3199903,35.16379232,2021-09-09
615,8056,모곡,128.2895668,35.19367074,2021-09-09
616,8057,모곡,128.2899888,35.19345444,2021-09-09
617,3112,모다아울렛,128.0991192,35.13324445,2021-09-09
618,3113,모다아울렛,128.0995197,35.13324533,2021-09-09
619,35028,모덕로오거리,128.1115109,35.18362463,2021-09-09
620,35029,모덕로오거리,128.1123835,35.18442103,2021-09-09
621,3001,모심,128.100502,35.14162757,2021-09-09
622,3002,모심,128.0998154,35.14054998,2021-09-09
623,3123,목과,128.0979805,35.11870541,2021-09-09
624,3008,목과,128.0955196,35.12170425,2021-09-09
625,3007,목과,128.095256,35.12167959,2021-09-09
626,3110,목과입구,128.09696,35.11806796,2021-09-09
627,48013,목천빌딩,128.116106,35.1635983,2021-09-09
628,48014,목천빌딩,128.1162574,35.16383575,2021-09-09
629,43003,못골,128.0555085,35.20118438,2021-09-09
630,8042,못골,128.2653303,35.20625819,2021-09-09
631,8041,못골,128.2653236,35.2061839,2021-09-09
632,43002,못골,128.0557267,35.20120612,2021-09-09
633,8065,못골삼거리,128.273603,35.19702347,2021-09-09
634,14126,못밑,128.0554961,35.19893879,2021-09-09
635,44031,못밑,128.0555042,35.19924459,2021-09-09
636,12085,못안,128.0845153,35.24492099,2021-09-09
637,13022,무동,128.0889019,35.32272121,2021-09-09
638,13074,무동,128.0894212,35.32208339,2021-09-09
639,9048,무등,128.2577776,35.25177022,2021-09-09
640,9047,무등,128.2575692,35.25144342,2021-09-09
641,9049,무등,128.2520077,35.25173204,2021-09-09
642,9069,무등종점,128.2518884,35.25176821,2021-09-09
643,9067,무등하우스단지,128.2646146,35.25037183,2021-09-09
644,9068,무등하우스단지,128.2646322,35.25044375,2021-09-09
645,2058,무지개동산,128.0312484,35.16011654,2021-09-09
646,2075,무지개동산,128.0310528,35.16027143,2021-09-09
647,1125,문산IC영업소,128.159003,35.17411998,2021-09-09
648,1056,문산IC영업소,128.159173,35.17418063,2021-09-09
649,1005,문산농협/문산읍사무소,128.1637594,35.1671133,2021-09-09
650,1006,문산농협/문산읍사무소,128.1637653,35.16694876,2021-09-09
651,1120,문산농협로컬푸드,128.1646406,35.16329235,2021-09-09
652,1121,문산농협로컬푸드,128.1645402,35.16336993,2021-09-09
653,1032,문산사거리,128.1629163,35.16744812,2021-09-09
654,1031,문산사거리,128.162846,35.16713334,2021-09-09
655,1060,문산성당,128.1697569,35.16897078,2021-09-09
656,1059,문산성당,128.169505,35.16881549,2021-09-09
657,1007,문산우체국,128.1666388,35.16852542,2021-09-09
658,1008,문산우체국,128.1667523,35.1684004,2021-09-09
659,1030,문산초등학교/코아루,128.1619452,35.17035961,2021-09-09
660,1029,문산초등학교/코아루,128.1618325,35.1701534,2021-09-09
661,16094,문정,127.9257293,35.17941432,2021-09-09
662,16095,문정,127.9258866,35.17948973,2021-09-09
663,16093,문정1,127.9266477,35.17933293,2021-09-09
664,10057,문화재연구원,128.1925249,35.22610898,2021-09-09
665,10058,문화재연구원,128.1924369,35.22609633,2021-09-09
666,13083,미곡,128.1127786,35.31626245,2021-09-09
667,13082,미곡,128.1129156,35.31622288,2021-09-09
668,13085,미곡1,128.1177276,35.31831452,2021-09-09
669,13084,미곡1,128.1177536,35.31820613,2021-09-09
670,13039,미곡입구,128.1101292,35.3138939,2021-09-09
671,13038,미곡입구,128.110086,35.31395063,2021-09-09
672,13037,미천면사무소,128.1161559,35.29915881,2021-09-09
673,13036,미천면사무소,128.1159859,35.29918967,2021-09-09
674,1041,바이오실크전문단지,128.1658997,35.15768995,2021-09-09
675,1042,바이오실크전문단지,128.1656884,35.15768973,2021-09-09
676,13064,반도노인요양원,128.1240872,35.29513323,2021-09-09
677,13065,반도노인요양원,128.1240939,35.29522105,2021-09-09
678,32008,반도병원,128.0888753,35.19216955,2021-09-09
679,32007,반도병원,128.0887031,35.19222517,2021-09-09
680,6058,반성역,128.2586089,35.17492453,2021-09-09
681,6057,반성역,128.2583399,35.17469607,2021-09-09
682,8012,반성중학교,128.2748328,35.1745326,2021-09-09
683,6001,반성중학교,128.2747574,35.17445228,2021-09-09
684,6054,반성초등학교/남평,128.2869328,35.16971797,2021-09-09
685,6055,반성초등학교/남평,128.2868761,35.1695969,2021-09-09
686,1092,반성터미널,128.2757516,35.17204665,2021-09-09
687,6002,반성터미널,128.2752591,35.17178146,2021-09-09
688,13002,반지,128.1162123,35.26502892,2021-09-09
689,13001,반지,128.1161266,35.26499141,2021-09-09
690,13075,반지1,128.1108102,35.27501983,2021-09-09
691,13076,반지1,128.110798,35.27513711,2021-09-09
692,13006,반지2,128.1095521,35.27766088,2021-09-09
693,13005,반지2,128.1094821,35.27756688,2021-09-09
694,13003,반지회관,128.1148775,35.27167244,2021-09-09
695,13004,반지회관,128.1148131,35.27158741,2021-09-09
696,7014,발산,128.3474137,35.14010676,2021-09-09
697,8044,방촌,128.2520076,35.19678905,2021-09-09
698,8043,방촌,128.2520394,35.19671211,2021-09-09
699,8053,방촌입구,128.252904,35.18830998,2021-09-09
700,8064,방촌입구,128.2525846,35.18824118,2021-09-09
701,12087,배실,128.0765085,35.24281135,2021-09-09
702,12086,배실,128.0759523,35.24333229,2021-09-09
703,2032,배양,128.0268485,35.1423828,2021-09-09
704,2031,배양,128.0274938,35.14118835,2021-09-09
705,16106,백곡,127.8944558,35.24496759,2021-09-09
706,16105,백곡,127.894378,35.24538727,2021-09-09
707,16081,백곡,127.8943401,35.24552927,2021-09-09
708,11064,백새미,128.1353402,35.20047635,2021-09-09
709,11065,백새미,128.1355551,35.20013635,2021-09-09
710,1095,백암,128.2559057,35.14309746,2021-09-09
711,9080,뱃가,128.2177393,35.26108215,2021-09-09
712,9020,뱃가,128.2176774,35.26116389,2021-09-09
713,13030,벌당,128.1239112,35.28080899,2021-09-09
714,13029,벌당,128.1238526,35.28074419,2021-09-09
715,1084,법륜골,128.2103077,35.16986122,2021-09-09
716,1067,법륜골,128.2101778,35.16997969,2021-09-09
717,12006,법문암,128.0668257,35.22510101,2021-09-09
718,12005,법문암,128.0666188,35.22502848,2021-09-09
719,42003,법원/평거현대아파트,128.0657075,35.18072632,2021-09-09
720,42004,법원/평거현대아파트,128.0658567,35.18059206,2021-09-09
721,35047,벤츠전시장,128.1013151,35.18180928,2021-09-09
722,35048,벤츠전시장,128.1009564,35.18167058,2021-09-09
723,46018,보경사,128.0432354,35.17338931,2021-09-09
724,46017,보경사,128.0431672,35.17320513,2021-09-09
725,16076,본촌,127.9584927,35.15370179,2021-09-09
726,16075,본촌,127.9584027,35.15374532,2021-09-09
727,12039,봉강,128.0966838,35.23499175,2021-09-09
728,12040,봉강,128.0966251,35.23492018,2021-09-09
729,12038,봉강/농협주유소,128.0936419,35.23711478,2021-09-09
730,12037,봉강/농협주유소,128.0936548,35.23725887,2021-09-09
731,24002,봉곡동시외정류소,128.0714079,35.19432625,2021-09-09
732,24003,봉곡동시외정류소,128.0726092,35.19445982,2021-09-09
733,8021,봉대,128.2744333,35.19833736,2021-09-09
734,8022,봉대,128.2745484,35.19832714,2021-09-09
735,8024,봉대삼거리,128.2773007,35.19914308,2021-09-09
736,8023,봉대삼거리,128.2772992,35.19922196,2021-09-09
737,8066,봉대저수지,128.2672018,35.20408907,2021-09-09
738,8067,봉대저수지,128.2673063,35.20410375,2021-09-09
739,3044,봉동,128.1431721,35.12577742,2021-09-09
740,3068,봉동,128.143244,35.12582181,2021-09-09
741,31015,봉래초등학교,128.0897355,35.19841908,2021-09-09
742,31016,봉래초등학교,128.0886077,35.19906464,2021-09-09
743,23002,봉수치안센터,128.0866425,35.19780412,2021-09-09
744,30001,봉수치안센터,128.0854738,35.19790081,2021-09-09
745,30002,봉수치안센터,128.0863069,35.19841609,2021-09-09
746,3047,봉전,128.1478616,35.11833114,2021-09-09
747,3048,봉전,128.1476966,35.1182989,2021-09-09
748,3070,봉전,128.1377752,35.1181842,2021-09-09
749,3049,봉전경로회관,128.1528069,35.11800254,2021-09-09
750,3072,봉전경로회관,128.1528416,35.11793011,2021-09-09
751,3045,봉전입구,128.1414405,35.11981134,2021-09-09
752,3046,봉전입구,128.141401,35.1197351,2021-09-09
753,3073,봉전종점,128.1554695,35.11779017,2021-09-09
754,10041,봉평/대곡초등학교,128.1773697,35.25687169,2021-09-09
755,10043,봉평/대곡초등학교,128.177841,35.25659672,2021-09-09
756,1062,부동,128.1758553,35.17133847,2021-09-09
757,1061,부동,128.17537,35.17117644,2021-09-09
758,8077,부동경로회관,128.3123134,35.18873521,2021-09-09
759,8032,부동입구,128.3052662,35.19446688,2021-09-09
760,8033,부동입구,128.3053913,35.19456693,2021-09-09
761,25007,부산교통본사,128.0742142,35.19001795,2021-09-09
762,25008,부산교통본사,128.0742007,35.18983105,2021-09-09
763,49044,부영11/중흥12단지,128.1363734,35.16841658,2021-09-09
764,49043,부영11/중흥12단지,128.136169,35.16851764,2021-09-09
765,39046,부흥교차로,128.1092732,35.21628089,2021-09-09
766,1126,부흥교차로,128.1097337,35.2162271,2021-09-09
767,14077,북골,128.0365123,35.21576779,2021-09-09
768,14076,북골,128.0363389,35.21573322,2021-09-09
769,8063,북마성,128.237255,35.22113109,2021-09-09
770,8062,북마성,128.2371395,35.22112325,2021-09-09
771,8052,북마성경로회관,128.2366221,35.21869058,2021-09-09
772,8051,북마성경로회관,128.2367214,35.2187166,2021-09-09
773,44019,북부치안센터,128.0659044,35.19348703,2021-09-09
774,43001,북부치안센터,128.0659397,35.19366924,2021-09-09
775,12058,불티,128.1373176,35.24009881,2021-09-09
776,12059,불티,128.1371468,35.24006211,2021-09-09
777,12057,불티1,128.1350159,35.23929575,2021-09-09
778,12056,불티1,128.1350449,35.23920985,2021-09-09
779,12055,불티고개/평촌삼거리,128.1306433,35.23590952,2021-09-09
780,12054,불티고개/평촌삼거리,128.1307107,35.23582102,2021-09-09
781,14035,비실,128.0303412,35.2308429,2021-09-09
782,14034,비실,128.0304093,35.23080176,2021-09-09
783,14122,비실1,128.0302743,35.23271817,2021-09-09
784,14123,비실1,128.0301921,35.23273239,2021-09-09
785,14037,비실종점,128.0296941,35.23439728,2021-09-09
786,14036,비실종점,128.0297706,35.23436733,2021-09-09
787,3106,뿌리기술지원센터,128.1086906,35.11838709,2021-09-09
788,3107,뿌리기술지원센터,128.1089565,35.11817735,2021-09-09
789,3133,뿌리산단1,128.1099363,35.11318397,2021-09-09
790,3129,뿌리산단1,128.1090239,35.11282972,2021-09-09
791,3130,뿌리산단2,128.1042835,35.11289328,2021-09-09
792,3131,뿌리산단3,128.1051503,35.1096632,2021-09-09
793,3132,뿌리산단4,128.1105955,35.11184417,2021-09-09
794,5024,사곡,128.2532766,35.17163914,2021-09-09
795,16103,사곡,127.9205192,35.215083,2021-09-09
796,16102,사곡,127.9205945,35.21494272,2021-09-09
797,5047,사곡,128.2532229,35.17157328,2021-09-09
798,16023,사곡회관,127.9229641,35.21422391,2021-09-09
799,16024,사곡회관,127.9229576,35.21413608,2021-09-09
800,1102,사대부설중고교,128.0980553,35.15922726,2021-09-09
801,8019,사동,128.2720776,35.19178956,2021-09-09
802,8020,사동,128.2721743,35.1916556,2021-09-09
803,11048,사동,128.1555564,35.21560624,2021-09-09
804,11046,사동,128.1612092,35.21899792,2021-09-09
805,11050,사동/금호지주차장,128.1536316,35.21469707,2021-09-09
806,11047,사동회관,128.1590061,35.21749831,2021-09-09
807,2101,사두골입구,128.0273615,35.12723813,2021-09-09
808,2102,사두골입구,128.0273167,35.1271664,2021-09-09
809,8026,사봉농공단지,128.2818676,35.19874332,2021-09-09
810,8025,사봉농공단지,128.2821795,35.19867693,2021-09-09
811,8017,사봉면사무소/사봉초등학교,128.2704046,35.18799696,2021-09-09
812,8018,사봉면사무소/사봉초등학교,128.2702637,35.1877596,2021-09-09
813,8071,사봉산업단지입구,128.2743459,35.19029867,2021-09-09
814,8072,사봉산업단지입구,128.274612,35.19046711,2021-09-09
815,8003,사봉삼거리,128.2593371,35.18650152,2021-09-09
816,8002,사봉삼거리,128.2590421,35.18623871,2021-09-09
817,31010,사이고개,128.0929161,35.19424894,2021-09-09
818,31009,사이고개,128.0929097,35.19458924,2021-09-09
819,12101,사촌,128.0636653,35.21691575,2021-09-09
820,12100,사촌,128.0638666,35.21676977,2021-09-09
821,12097,사촌고개,128.0701793,35.20780479,2021-09-09
822,12096,사촌고개,128.0700018,35.20787396,2021-09-09
823,12098,사촌회관입구,128.0649814,35.21530437,2021-09-09
824,12099,사촌회관입구,128.0650079,35.21543483,2021-09-09
825,16109,사평,127.9684959,35.18818764,2021-09-09
826,15005,사평,127.9683908,35.1878888,2021-09-09
827,15046,사평경로당,127.9703864,35.1823613,2021-09-09
828,15045,사평경로당,127.9702685,35.18236675,2021-09-09
829,14040,삭평,128.0417753,35.22539582,2021-09-09
830,14041,삭평,128.0419854,35.22550892,2021-09-09
831,2069,산강,128.0621184,35.14573984,2021-09-09
832,2070,산강,128.0619972,35.14570259,2021-09-09
833,2082,산강,128.0588349,35.14024096,2021-09-09
834,2107,산강입구,128.0651028,35.15530618,2021-09-09
835,2108,산강입구,128.0646495,35.1557285,2021-09-09
836,2019,산강입구,128.0651159,35.15514797,2021-09-09
837,2021,산강종점,128.058734,35.14029625,2021-09-09
838,2072,산강회관,128.0604949,35.14409339,2021-09-09
839,2071,산강회관,128.0606346,35.14407415,2021-09-09
840,2022,산기회관,128.0511149,35.15404673,2021-09-09
841,2023,산기회관,128.0511518,35.15393374,2021-09-09
842,7027,삼거,128.3306539,35.18253473,2021-09-09
843,7028,삼거,128.3308356,35.18242017,2021-09-09
844,2027,삼계,128.0348351,35.15366412,2021-09-09
845,2028,삼계,128.0347094,35.15326636,2021-09-09
846,2109,삼계경로당,128.0341778,35.15227489,2021-09-09
847,2111,삼계경로당,128.034031,35.1523843,2021-09-09
848,3064,삼구,128.1290365,35.12795139,2021-09-09
849,3040,삼구,128.1290516,35.12784985,2021-09-09
850,1010,삼동,128.1717018,35.17045264,2021-09-09
851,1009,삼동,128.1717301,35.17070473,2021-09-09
852,48010,삼성아파트,128.112677,35.16406923,2021-09-09
853,48009,삼성아파트,128.1126118,35.16391436,2021-09-09
854,3041,삼웅,128.1332383,35.13606447,2021-09-09
855,3067,삼웅,128.1331255,35.13604524,2021-09-09
856,3066,삼웅,128.1318897,35.13343523,2021-09-09
857,3065,삼웅1,128.1316985,35.13341776,2021-09-09
858,36018,삼전아파트,128.128176,35.19138616,2021-09-09
859,36017,삼전아파트,128.1283758,35.19153752,2021-09-09
860,35050,삼현여자중고등학교,128.112421,35.17770375,2021-09-09
861,35051,삼현여자중고등학교,128.1122742,35.17740316,2021-09-09
862,6037,상남,128.279113,35.14522505,2021-09-09
863,6038,상남,128.2791254,35.14513705,2021-09-09
864,36007,상대주공아파트,128.1223447,35.18489694,2021-09-09
865,36008,상대주공아파트,128.1224931,35.18491133,2021-09-09
866,35010,상대한보아파트,128.1140921,35.17990108,2021-09-09
867,35031,상대현대아파트,128.1154533,35.18732877,2021-09-09
868,35030,상대현대아파트,128.11479,35.18659581,2021-09-09
869,5003,상동,128.2229374,35.17868492,2021-09-09
870,5002,상동,128.222255,35.17790466,2021-09-09
871,9037,상동,128.2690358,35.23267862,2021-09-09
872,5042,상동삼거리,128.223646,35.18008075,2021-09-09
873,13048,상미,128.1460777,35.34120059,2021-09-09
874,13091,상미,128.1460264,35.34127092,2021-09-09
875,13040,상미교회,128.1160792,35.31758845,2021-09-09
876,13041,상미교회,128.116202,35.31751972,2021-09-09
877,34017,상봉동행정복지센터,128.0752594,35.19976976,2021-09-09
878,34016,상봉동행정복지센터,128.0750399,35.19977847,2021-09-09
879,34006,상봉아파트,128.0715814,35.19854505,2021-09-09
880,34005,상봉아파트,128.0718405,35.19841883,2021-09-09
881,34018,상봉주공2차아파트,128.074006,35.2025659,2021-09-09
882,34019,상봉주공2차아파트,128.0737957,35.20264438,2021-09-09
883,34012,상봉현장민원실,128.079303,35.19831649,2021-09-09
884,34013,상봉현장민원실,128.0791873,35.19808093,2021-09-09
885,11068,상의,128.1358389,35.22071245,2021-09-09
886,11071,상의,128.1359091,35.22077943,2021-09-09
887,1011,상이,128.1837765,35.16993641,2021-09-09
888,1012,상이,128.1839145,35.16998914,2021-09-09
889,4029,상인담,128.1688866,35.10919904,2021-09-09
890,4065,상인담,128.1692158,35.1090892,2021-09-09
891,16007,상중전,127.9470305,35.19870223,2021-09-09
892,6029,상촌,128.2733918,35.1548029,2021-09-09
893,10100,상촌,128.1661753,35.29402496,2021-09-09
894,10101,상촌,128.1660109,35.29424961,2021-09-09
895,46034,상촌,128.033009,35.20255309,2021-09-09
896,46035,상촌,128.0331051,35.20255903,2021-09-09
897,13067,상촌,128.1152188,35.30077399,2021-09-09
898,13066,상촌,128.1151117,35.30077498,2021-09-09
899,6059,상촌,128.2736003,35.15480521,2021-09-09
900,7017,상촌/중촌,128.3163495,35.15716473,2021-09-09
901,7016,상촌/중촌,128.3163001,35.15699853,2021-09-09
902,6052,상촌입구,128.2738621,35.16015609,2021-09-09
903,10030,상촌회관,128.1657275,35.29211856,2021-09-09
904,10031,상촌회관,128.1657842,35.29205268,2021-09-09
905,1017,새동네,128.134485,35.14348179,2021-09-09
906,1018,새동네,128.1344322,35.14343271,2021-09-09
907,7042,새밭골,128.3528806,35.17410194,2021-09-09
908,7053,새밭골,128.3528333,35.17420918,2021-09-09
909,35049,새심천탕,128.1138271,35.185239,2021-09-09
910,12003,새터,128.0640273,35.22192604,2021-09-09
911,12004,새터,128.064196,35.22201919,2021-09-09
912,15038,새터,127.9873625,35.16497072,2021-09-09
913,15037,새터,127.9872604,35.16492649,2021-09-09
914,46038,새터/예술촌입구,128.0389707,35.1871799,2021-09-09
915,46039,새터/예술촌입구,128.0390559,35.18719044,2021-09-09
916,37031,생활체육관,128.1066991,35.17507706,2021-09-09
917,37006,생활체육관,128.1066734,35.17521023,2021-09-09
918,24010,서부농협,128.0764641,35.19641073,2021-09-09
919,24009,서부농협,128.0763528,35.19608499,2021-09-09
920,34001,서부농협하나로마트,128.0687132,35.19564568,2021-09-09
921,34002,서부농협하나로마트,128.0690185,35.19550083,2021-09-09
922,24006,서부시장/봉곡초등학교,128.0751323,35.19532973,2021-09-09
923,24005,서부시장/봉곡초등학교,128.0754962,35.19524088,2021-09-09
924,24012,서부시장/진주초등학교,128.0772457,35.19427671,2021-09-09
925,24011,서부시장/진주초등학교,128.0770782,35.19406414,2021-09-09
926,46021,서진주IC주차장,128.0442735,35.18590506,2021-09-09
927,46020,서진주IC주차장,128.0441035,35.18601248,2021-09-09
928,7051,서촌,128.3376768,35.17397121,2021-09-09
929,7052,서촌,128.3378,35.17399088,2021-09-09
930,7050,서촌경로당,128.3350917,35.17366251,2021-09-09
931,7049,서촌경로당,128.3350844,35.17371892,2021-09-09
932,14032,서현,127.9947607,35.23052992,2021-09-09
933,14031,서현회관,127.9944695,35.23366435,2021-09-09
934,4069,석계,128.1810877,35.0887438,2021-09-09
935,11035,석교,128.1517811,35.22810784,2021-09-09
936,11053,석교,128.1517942,35.22825643,2021-09-09
937,13059,석포,128.1330787,35.27159121,2021-09-09
938,10014,석포,128.1330718,35.27149664,2021-09-09
939,36003,선학사거리/제일여자고등학교,128.1168004,35.19252339,2021-09-09
940,36004,선학사거리/제일여자고등학교,128.1165356,35.19243345,2021-09-09
941,36032,선학초등학교,128.1228548,35.19324948,2021-09-09
942,36031,선학초등학교,128.1229903,35.19312204,2021-09-09
943,10028,설매,128.1658304,35.28377399,2021-09-09
944,10029,설매,128.1659315,35.28373471,2021-09-09
945,10077,설매경로당,128.1662232,35.28548489,2021-09-09
946,10078,설매경로당,128.1659019,35.28607832,2021-09-09
947,10023,설매삼거리,128.1671586,35.27943955,2021-09-09
948,10024,설매삼거리,128.1670344,35.27939569,2021-09-09
949,3104,성광,128.1027392,35.12242066,2021-09-09
950,3105,성광,128.102592,35.1224896,2021-09-09
951,24008,성북동행정복지센터,128.0786004,35.19625652,2021-09-09
952,24007,성북동행정복지센터,128.0786172,35.19607386,2021-09-09
953,4045,성산,128.1856768,35.07257521,2021-09-09
954,14085,성양사,127.9939833,35.2719105,2021-09-09
955,14107,성양사,127.9943748,35.27269592,2021-09-09
956,2024,성일목장,128.0406756,35.15469791,2021-09-09
957,2025,성일목장,128.0407899,35.15462032,2021-09-09
958,9012,세곡,128.2502729,35.22830669,2021-09-09
959,9013,세곡,128.2501861,35.22837518,2021-09-09
960,19011,세란병원,128.093138,35.17454001,2021-09-09
961,17012,센텀병원/한주한보아파트,128.0875348,35.18447097,2021-09-09
962,17008,센텀병원/한주한보아파트,128.0879404,35.18443127,2021-09-09
963,47023,센트럴웰가아파트,128.1131239,35.1549755,2021-09-09
964,47022,센트럴웰가아파트,128.1131777,35.15509668,2021-09-09
965,3037,소곡,128.1212362,35.12173945,2021-09-09
966,3059,소곡,128.1212042,35.12180284,2021-09-09
967,3063,소곡1,128.1263871,35.12117795,2021-09-09
968,3062,소곡1,128.1260679,35.12130259,2021-09-09
969,3051,소곡교,128.1340225,35.11625998,2021-09-09
970,3052,소곡교,128.1339331,35.11614364,2021-09-09
971,3038,소곡삼거리,128.1288036,35.12100675,2021-09-09
972,3039,소곡삼거리,128.1289103,35.12118827,2021-09-09
973,3060,소곡주차장,128.1239176,35.12168307,2021-09-09
974,3061,소곡주차장,128.1239623,35.12174575,2021-09-09
975,9031,소리골,128.2581839,35.2348356,2021-09-09
976,9030,소리골,128.2582503,35.23489796,2021-09-09
977,46045,소싸움경기장,128.0400349,35.17591796,2021-09-09
978,46019,소싸움경기장,128.0401034,35.17612918,2021-09-09
979,6016,소아,128.3084723,35.16726981,2021-09-09
980,6015,소아,128.3082855,35.16707185,2021-09-09
981,11021,속사,128.1474328,35.18625712,2021-09-09
982,11022,속사,128.1475514,35.1862988,2021-09-09
983,11023,속사종점,128.1450755,35.18686752,2021-09-09
984,11059,속사종점,128.1450308,35.18680936,2021-09-09
985,2050,솔티,128.0063221,35.13903037,2021-09-09
986,2049,솔티,128.0063942,35.13909737,2021-09-09
987,4010,송곡,128.1962326,35.13175914,2021-09-09
988,4011,송곡,128.1961954,35.13184062,2021-09-09
989,10067,송곡,128.1707086,35.24887436,2021-09-09
990,10094,송곡,128.1708221,35.24888035,2021-09-09
991,4051,송곡1,128.1891121,35.13475843,2021-09-09
992,1123,송곡마을입구,128.1874563,35.13351265,2021-09-09
993,4007,송곡입구,128.1875789,35.13381584,2021-09-09
994,1124,송곡입구삼거리,128.1877044,35.13358027,2021-09-09
995,4012,송곡종점,128.1983562,35.13236455,2021-09-09
996,11024,송백,128.1362279,35.19877585,2021-09-09
997,11061,송백,128.136308,35.1988089,2021-09-09
998,11066,송백타운하우스,128.1350089,35.20606072,2021-09-09
999,11067,송백타운하우스,128.1349024,35.20590174,2021-09-09
1000,9029,송정,128.2555548,35.23516479,2021-09-09
1001,9028,송정,128.2555592,35.23509265,2021-09-09
1002,1088,송정,128.2186824,35.1437322,2021-09-09
1003,9027,송정삼거리,128.2520285,35.23515626,2021-09-09
1004,9026,송정삼거리,128.2520603,35.23508158,2021-09-09
1005,1054,송정회관,128.2199975,35.14343731,2021-09-09
1006,1071,송정회관,128.2200589,35.14332628,2021-09-09
1007,16044,수곡면사무소,127.9318316,35.19828612,2021-09-09
1008,16045,수곡면사무소,127.9318816,35.19834207,2021-09-09
1009,12119,수성주유소,128.0827147,35.29477894,2021-09-09
1010,46050,수정초등학교,128.048146,35.16388073,2021-09-09
1011,46051,수정초등학교,128.0482553,35.16406005,2021-09-09
1012,41019,숯골입구,128.0627825,35.17781603,2021-09-09
1013,42031,숯골입구,128.0622172,35.17824009,2021-09-09
1014,2103,스포츠가치센터조성지,128.0343067,35.15504989,2021-09-09
1015,2104,스포츠가치센터조성지,128.0343849,35.15515738,2021-09-09
1016,8050,시곡,128.2403854,35.21374686,2021-09-09
1017,8049,시곡,128.2406526,35.21344895,2021-09-09
1018,7063,시동,128.3458639,35.14029277,2021-09-09
1019,14095,시목,127.9868387,35.24010578,2021-09-09
1020,14079,시목,127.9861419,35.24062745,2021-09-09
1021,1075,시아골,128.1454251,35.15876404,2021-09-09
1022,1074,시아골,128.1452454,35.15886939,2021-09-09
1023,31013,시영아파트,128.0909095,35.19773704,2021-09-09
1024,31014,시영아파트,128.091081,35.19742455,2021-09-09
1025,31001,시외버스터미널,128.0908978,35.19131764,2021-09-09
1026,31002,시외버스터미널,128.0904588,35.19153115,2021-09-09
1027,3006,시쟁이,128.0975688,35.12624858,2021-09-09
1028,3005,시쟁이,128.0978044,35.12643122,2021-09-09
1029,6006,시정,128.2797674,35.16984347,2021-09-09
1030,6005,시정,128.2795776,35.16998742,2021-09-09
1031,47033,시티프라디움/신진주공원,128.117485,35.15350658,2021-09-09
1032,47032,시티프라디움/신진주공원,128.1175974,35.15450148,2021-09-09
1033,47041,시티프라디움1차아파트/무듬산,128.1163368,35.15358046,2021-09-09
1034,47042,시티프라디움1차아파트/무듬산,128.1156604,35.15387736,2021-09-09
1035,4018,시평,128.1803062,35.122508,2021-09-09
1036,4019,시평,128.1800408,35.12255114,2021-09-09
1037,2062,시흥골,128.0297517,35.14150367,2021-09-09
1038,2063,시흥골,128.0299458,35.14145244,2021-09-09
1039,2034,신광,128.0265651,35.13992723,2021-09-09
1040,2033,신광,128.0262799,35.13976443,2021-09-09
1041,2064,신광회관입구,128.0285855,35.13908003,2021-09-09
1042,2065,신광회관입구,128.0286921,35.13904307,2021-09-09
1043,14054,신기,128.0303648,35.29087124,2021-09-09
1044,10090,신기,128.1637622,35.3120602,2021-09-09
1045,10091,신기,128.1639603,35.31207407,2021-09-09
1046,14116,신기,128.0305538,35.2908178,2021-09-09
1047,11014,신기/청곡사입구,128.1670288,35.19081966,2021-09-09
1048,11013,신기/청곡사입구,128.167138,35.19077355,2021-09-09
1049,4061,신담,128.1816331,35.12171544,2021-09-09
1050,9004,신당,128.2562338,35.21418729,2021-09-09
1051,9003,신당,128.25707,35.21268699,2021-09-09
1052,12051,신당,128.1130282,35.22865292,2021-09-09
1053,12050,신당,128.1130294,35.22874079,2021-09-09
1054,12049,신당입구,128.1126622,35.23423078,2021-09-09
1055,12048,신당입구,128.1125698,35.23429922,2021-09-09
1056,10104,신대,128.1853575,35.09995546,2021-09-09
1057,4066,신대,128.1854249,35.10006296,2021-09-09
1058,39042,신동,128.1062121,35.19948867,2021-09-09
1059,39043,신동,128.1062312,35.19927444,2021-09-09
1060,10098,신송산업,128.2113178,35.21998067,2021-09-09
1061,10099,신송산업,128.2114721,35.22001968,2021-09-09
1062,42025,신안공설운동장,128.0688793,35.18778937,2021-09-09
1063,42026,신안공설운동장,128.0695798,35.18783726,2021-09-09
1064,42032,신안빌라,128.0610307,35.17859299,2021-09-09
1065,41026,신안우체국,128.0676872,35.17764445,2021-09-09
1066,41027,신안우체국,128.0674727,35.1776148,2021-09-09
1067,42042,신안주공1차아파트,128.070781,35.17687807,2021-09-09
1068,42043,신안주공1차아파트,128.0710562,35.17672692,2021-09-09
1069,42048,신안주공1차아파트,128.0717133,35.17911858,2021-09-09
1070,42018,신안주공1차아파트,128.0713283,35.179478,2021-09-09
1071,42001,신안주공아파트,128.063781,35.17820383,2021-09-09
1072,42002,신안주공아파트,128.0640472,35.178206,2021-09-09
1073,42006,신안초등학교/진주여자중학교,128.0676713,35.18335886,2021-09-09
1074,42005,신안초등학교/진주여자중학교,128.0674573,35.18272983,2021-09-09
1075,42015,신안평거현대아파트,128.0663513,35.17979456,2021-09-09
1076,42016,신안평거현대아파트,128.0664133,35.17991795,2021-09-09
1077,42024,신안학생체육관,128.0691918,35.18838372,2021-09-09
1078,42023,신안학생체육관,128.0692077,35.18813122,2021-09-09
1079,42040,신안현대아파트,128.0718973,35.18497992,2021-09-09
1080,1089,신안현대아파트,128.0719179,35.1848806,2021-09-09
1081,42020,신안흥한아파트,128.0711891,35.18206351,2021-09-09
1082,42046,신안흥한아파트,128.070107,35.18054086,2021-09-09
1083,42047,신안흥한아파트,128.0700788,35.180672,2021-09-09
1084,42019,신안흥한아파트,128.0710389,35.18107791,2021-09-09
1085,1025,신촌,128.1512752,35.15977888,2021-09-09
1086,16104,신촌,127.9448497,35.16460532,2021-09-09
1087,16074,신촌,127.9449419,35.16459251,2021-09-09
1088,14062,신촌,128.048309,35.23679265,2021-09-09
1089,14061,신촌,128.0483327,35.23671358,2021-09-09
1090,13043,신촌,128.1249939,35.32648255,2021-09-09
1091,13042,신촌,128.1249151,35.32654412,2021-09-09
1092,1078,신촌,128.1511501,35.15966064,2021-09-09
1093,14110,신촌삼거리,128.0454185,35.23732689,2021-09-09
1094,14109,신촌삼거리,128.0452814,35.2373461,2021-09-09
1095,1076,신촌입구,128.1500017,35.16091985,2021-09-09
1096,1077,신촌입구,128.1505784,35.16106783,2021-09-09
1097,14043,신촌회관,128.0451001,35.23969554,2021-09-09
1098,14042,신촌회관,128.0450031,35.23963329,2021-09-09
1099,13087,신촌회관,128.1242706,35.3242789,2021-09-09
1100,13086,신촌회관,128.1243324,35.32417468,2021-09-09
1101,15001,신풍,127.99733,35.18800318,2021-09-09
1102,15002,신풍,127.9974036,35.18796653,2021-09-09
1103,15027,신풍경로당,127.9948458,35.20059462,2021-09-09
1104,15028,신풍경로당,127.9947734,35.20050959,2021-09-09
1105,15003,신풍종점,127.9955859,35.18565836,2021-09-09
1106,15051,신풍종점,127.9954916,35.18558027,2021-09-09
1107,10010,신흥,128.1401396,35.25883704,2021-09-09
1108,10011,신흥,128.1399808,35.25906611,2021-09-09
1109,37028,신흥타이어,128.117986,35.17445515,2021-09-09
1110,37027,신흥타이어,128.1177034,35.17466055,2021-09-09
1111,39030,실내체육관/수영장,128.1259536,35.20954315,2021-09-09
1112,39029,실내체육관/수영장,128.1261617,35.20811492,2021-09-09
1113,3029,심대,128.0763476,35.13072014,2021-09-09
1114,3055,심대,128.0762349,35.13069861,2021-09-09
1115,8075,씨엔텍코리아,128.2798705,35.1883387,2021-09-09
1116,8076,씨엔텍코리아,128.2799624,35.1885991,2021-09-09
1117,37021,아이에스동서,128.1233585,35.17221078,2021-09-09
1118,37022,아이에스동서,128.1231742,35.17237923,2021-09-09
1119,13019,안간,128.0903078,35.31849505,2021-09-09
1120,13020,안간,128.0904043,35.31831393,2021-09-09
1121,9074,안계,128.2232399,35.25930973,2021-09-09
1122,9075,안계,128.2231867,35.25924268,2021-09-09
1123,39038,안락공원,128.1030478,35.20056079,2021-09-09
1124,39002,안락공원,128.1041645,35.20072186,2021-09-09
1125,39039,안락공원입구,128.1025608,35.2018969,2021-09-09
1126,36038,안락공원입구,128.102614,35.20217807,2021-09-09
1127,11054,안사동,128.1610828,35.21910974,2021-09-09
1128,1070,안전,128.1986161,35.1418639,2021-09-09
1129,1069,안전,128.1989317,35.14186979,2021-09-09
1130,1044,안전1,128.2024045,35.14448293,2021-09-09
1131,1045,안전1,128.202575,35.14451278,2021-09-09
1132,1085,안전경로회관,128.2033094,35.14576054,2021-09-09
1133,1086,안전경로회관,128.2034519,35.14575237,2021-09-09
1134,9024,압현,128.2485448,35.24204646,2021-09-09
1135,9023,압현,128.2485697,35.24188172,2021-09-09
1136,9014,압현입구,128.2471803,35.24118404,2021-09-09
1137,9015,압현입구,128.246994,35.24121074,2021-09-09
1138,2060,애양골입구,128.0330173,35.14464398,2021-09-09
1139,2061,애양골입구,128.0331407,35.14463617,2021-09-09
1140,2110,양옥,128.0331406,35.15139595,2021-09-09
1141,2112,양옥,128.0329957,35.15153777,2021-09-09
1142,2030,양옥,128.0327973,35.15175946,2021-09-09
1143,2029,양옥,128.0329493,35.15162973,2021-09-09
1144,16078,양월,127.9547179,35.14480854,2021-09-09
1145,16077,양월,127.9546745,35.14508379,2021-09-09
1146,6031,양전,128.2900849,35.16063332,2021-09-09
1147,6030,양전,128.2900946,35.1605521,2021-09-09
1148,14101,어리대,128.031202,35.21661304,2021-09-09
1149,14100,어리대,128.0311754,35.21646681,2021-09-09
1150,41020,어린이교통공원,128.0386245,35.16234059,2021-09-09
1151,41021,어린이교통공원,128.0386555,35.16219161,2021-09-09
1152,1122,어수,128.1672641,35.14814334,2021-09-09
1153,1080,어수,128.1662964,35.1480017,2021-09-09
1154,13057,어옥,128.1352977,35.3026218,2021-09-09
1155,13056,어옥,128.1352159,35.30266763,2021-09-09
1156,13093,어옥종점,128.1369197,35.3069008,2021-09-09
1157,13092,어옥회관,128.135903,35.30496359,2021-09-09
1158,13058,어옥회관,128.136118,35.30487405,2021-09-09
1159,14056,엄목,128.0313422,35.25552068,2021-09-09
1160,14055,엄목,128.0311619,35.25540475,2021-09-09
1161,4031,엄정,128.1794194,35.11445224,2021-09-09
1162,4058,엄정,128.1856989,35.11540424,2021-09-09
1163,4032,엄정,128.179313,35.11448708,2021-09-09
1164,4030,엄정경로회관,128.1892195,35.11678676,2021-09-09
1165,3102,에스앤에스밸브,128.1046589,35.12647709,2021-09-09
1166,3103,에스앤에스밸브,128.1045167,35.12650993,2021-09-09
1167,8073,에스에스테크,128.2737882,35.18692474,2021-09-09
1168,8074,에스에스테크,128.2735263,35.18702663,2021-09-09
1169,47015,연암공과대학교,128.1060126,35.16450656,2021-09-09
1170,47016,연암공과대학교,128.1058741,35.1640076,2021-09-09
1171,35023,연암도서관,128.103112,35.18256804,2021-09-09
1172,35022,연암도서관,128.1032502,35.18264339,2021-09-09
1173,35021,연암도서관입구,128.1042783,35.18174624,2021-09-09
1174,35020,연암도서관입구,128.1044351,35.18157131,2021-09-09
1175,4001,예비군훈련장입구,128.1708653,35.13678604,2021-09-09
1176,4002,예비군훈련장입구/정자입구,128.1706437,35.13683099,2021-09-09
1177,3019,예상,128.1018736,35.11007158,2021-09-09
1178,3020,예상,128.1018156,35.11024336,2021-09-09
1179,3016,예하리,128.0978153,35.11422996,2021-09-09
1180,3087,예하리.강주연못,128.0962899,35.1145161,2021-09-09
1181,3086,예하리.강주연못,128.0963209,35.11458116,2021-09-09
1182,10052,오곡,128.1967328,35.23478511,2021-09-09
1183,10053,오곡,128.1966361,35.23474551,2021-09-09
1184,12063,오동,128.1284567,35.24578327,2021-09-09
1185,8034,오동,128.3124536,35.20530136,2021-09-09
1186,46011,오동,128.0417674,35.17125458,2021-09-09
1187,46012,오동,128.0416405,35.17141791,2021-09-09
1188,12062,오동,128.1283653,35.24573005,2021-09-09
1189,8035,오동,128.3125617,35.20536553,2021-09-09
1190,8058,오동1,128.3083975,35.2005933,2021-09-09
1191,46607,오동골,128.043853,35.1710451,2021-09-09
1192,46608,오동골,128.0439947,35.17096051,2021-09-09
1193,7003,오동입구,128.2989325,35.16230077,2021-09-09
1194,12060,오동회관입구,128.1295531,35.24404031,2021-09-09
1195,12061,오동회관입구,128.129457,35.24404346,2021-09-09
1196,3078,오룡골,128.0930796,35.13141084,2021-09-09
1197,14018,오미,127.9983032,35.24015821,2021-09-09
1198,1284,오미,127.9982123,35.23996671,2021-09-09
1199,14020,오미회관,127.9952262,35.24120428,2021-09-09
1200,14021,오미회관,127.9949093,35.24202031,2021-09-09
1201,13035,오방,128.1204376,35.29654381,2021-09-09
1202,13034,오방,128.120439,35.29644465,2021-09-09
1203,24001,오죽광장,128.0687886,35.19364863,2021-09-09
1204,25001,오죽광장,128.0688871,35.19340892,2021-09-09
1205,1105,오죽광장/국제빌딩,128.0705568,35.19391221,2021-09-09
1206,31006,옥봉대림아파트,128.0949558,35.19569738,2021-09-09
1207,31005,옥봉대림아파트,128.0951973,35.19569745,2021-09-09
1208,31004,옥봉삼거리,128.0924207,35.19332958,2021-09-09
1209,31003,옥봉삼거리,128.0927077,35.19364921,2021-09-09
1210,3071,옹기,128.1354855,35.11713731,2021-09-09
1211,9081,옻점이,128.2427868,35.241414,2021-09-09
1212,9017,옻점이,128.2428483,35.24148547,2021-09-09
1213,15018,완사,127.9773959,35.13211969,2021-09-09
1214,15017,완사,127.9776483,35.13212892,2021-09-09
1215,15016,완사시장,127.9764094,35.13173782,2021-09-09
1216,15015,완사시장,127.9757076,35.13177051,2021-09-09
1217,14080,왕지,128.0524242,35.2400692,2021-09-09
1218,14066,왕지,128.0534055,35.24295649,2021-09-09
1219,14063,왕지입구,128.0503717,35.23851202,2021-09-09
1220,14064,왕지입구,128.0504597,35.23852027,2021-09-09
1221,14065,왕지회관,128.0531264,35.24297653,2021-09-09
1222,7061,외동,128.3430511,35.14253907,2021-09-09
1223,14108,외율,127.993049,35.28044895,2021-09-09
1224,14026,외율,127.9934334,35.28087842,2021-09-09
1225,14130,외율종점,127.990533,35.28866011,2021-09-09
1226,16088,요산,127.9381155,35.19401945,2021-09-09
1227,16087,요산,127.9382389,35.19401399,2021-09-09
1228,9065,용봉,128.2448658,35.24801836,2021-09-09
1229,9063,용봉,128.2453101,35.24586289,2021-09-09
1230,9064,용봉,128.2453769,35.24592078,2021-09-09
1231,9087,용봉삼거리,128.2470462,35.24142976,2021-09-09
1232,9025,용봉회관,128.2449986,35.24812604,2021-09-09
1233,14016,용산,128.0122732,35.23054471,2021-09-09
1234,14017,용산,128.0122346,35.23030844,2021-09-09
1235,14105,용산고개,128.0025271,35.23723913,2021-09-09
1236,14014,용산회관,128.0195044,35.22795361,2021-09-09
1237,14015,용산회관,128.0190955,35.22775426,2021-09-09
1238,11012,용심,128.1589417,35.20195393,2021-09-09
1239,11011,용심,128.158907,35.20183484,2021-09-09
1240,11078,용심경로회관,128.1555741,35.20589752,2021-09-09
1241,11056,용심경로회관,128.1557953,35.20601257,2021-09-09
1242,11057,용심회관,128.1584827,35.20384878,2021-09-09
1243,11058,용심회관,128.1586041,35.20389043,2021-09-09
1244,1093,용암,128.332347,35.16572546,2021-09-09
1245,10079,용암,128.1616015,35.31935652,2021-09-09
1246,1039,용호부대,128.1705639,35.14408721,2021-09-09
1247,1040,용호부대,128.1704536,35.14405223,2021-09-09
1248,1063,우경레미콘,128.1898753,35.16909703,2021-09-09
1249,1064,우경레미콘,128.189683,35.16927017,2021-09-09
1250,8079,우곡,128.2672017,35.18693997,2021-09-09
1251,8015,우곡,128.2672871,35.18713736,2021-09-09
1252,9076,우기미,128.2337649,35.2454156,2021-09-09
1253,9018,우기미,128.2338564,35.2454755,2021-09-09
1254,4026,우봉,128.2295281,35.12540422,2021-09-09
1255,4064,우봉,128.229574,35.12520424,2021-09-09
1256,14098,우수,128.030677,35.21222367,2021-09-09
1257,14099,우수,128.0307775,35.21235575,2021-09-09
1258,14096,우수1,128.0307204,35.20806153,2021-09-09
1259,14097,우수1,128.0307894,35.20809023,2021-09-09
1260,14008,우수육교,128.0328515,35.21742818,2021-09-09
1261,14007,우수육교,128.0350438,35.21644506,2021-09-09
1262,11025,우편집중국,128.1419929,35.21645003,2021-09-09
1263,4055,운문,128.2024814,35.12322285,2021-09-09
1264,4054,운문,128.2003871,35.12197954,2021-09-09
1265,4023,운문회관,128.197224,35.12153764,2021-09-09
1266,4022,운문회관,128.1974653,35.12134824,2021-09-09
1267,6022,운천,128.2648335,35.16535422,2021-09-09
1268,6023,운천,128.2646408,35.16531567,2021-09-09
1269,6062,운천삼거리,128.2600285,35.17235789,2021-09-09
1270,6063,운천삼거리,128.2598984,35.17246289,2021-09-09
1271,16064,원계,127.8958934,35.21409378,2021-09-09
1272,16065,원계,127.8958261,35.21447057,2021-09-09
1273,16067,원계회관,127.8948479,35.21664547,2021-09-09
1274,16066,원계회관,127.8947843,35.21663321,2021-09-09
1275,16039,원내,127.9520706,35.17141374,2021-09-09
1276,16038,원내,127.9521217,35.17132546,2021-09-09
1277,16036,원당,127.9537246,35.16759267,2021-09-09
1278,16035,원당,127.9538194,35.16748151,2021-09-09
1279,6017,원당,128.2612433,35.17344914,2021-09-09
1280,6051,원당,128.261164,35.17347249,2021-09-09
1281,6049,원동,128.2911585,35.14001855,2021-09-09
1282,16034,원동,127.9548289,35.16393364,2021-09-09
1283,16091,원동,127.9548821,35.16403011,2021-09-09
1284,12102,원동,128.071944,35.24095465,2021-09-09
1285,12103,원동,128.0720066,35.24111633,2021-09-09
1286,6060,원동,128.2910194,35.1400696,2021-09-09
1287,12138,원동1,128.0706187,35.24689915,2021-09-09
1288,12088,원동1,128.0705992,35.2473004,2021-09-09
1289,12133,원동삼거리,128.0722349,35.24489974,2021-09-09
1290,12135,원동삼거리,128.071923,35.24478308,2021-09-09
1291,6035,원동입구,128.2811412,35.14476199,2021-09-09
1292,6036,원동입구,128.2809463,35.14475054,2021-09-09
1293,37015,원예농협,128.1130739,35.17104391,2021-09-09
1294,37016,원예농협,128.1130505,35.17113651,2021-09-09
1295,31012,원일그린빌라,128.0923553,35.19603407,2021-09-09
1296,31011,원일그린빌라,128.0922531,35.19598542,2021-09-09
1297,1106,원촌,128.1377036,35.16285209,2021-09-09
1298,1107,원촌,128.1378755,35.16297891,2021-09-09
1299,18018,월경사입구,128.083379,35.18154519,2021-09-09
1300,18019,월경사입구,128.0831938,35.18165275,2021-09-09
1301,16015,월계,127.9335623,35.22837208,2021-09-09
1302,16014,월계,127.9334661,35.22836606,2021-09-09
1303,16016,월계회관입구,127.935541,35.23591878,2021-09-09
1304,16017,월계회관입구,127.9356423,35.23589772,2021-09-09
1305,1096,월아,128.1740555,35.20141909,2021-09-09
1306,10002,월아,128.1397198,35.24572278,2021-09-09
1307,10001,월아,128.1395454,35.24562303,2021-09-09
1308,11076,월아삼거리,128.1665835,35.19748901,2021-09-09
1309,11049,월아삼거리,128.1664027,35.19751553,2021-09-09
1310,10088,월암,128.1648965,35.31064554,2021-09-09
1311,10089,월암,128.165015,35.31066693,2021-09-09
1312,10035,월암회관/선인국제중학교,128.1653042,35.30898327,2021-09-09
1313,10034,월암회관/선인국제중학교,128.1652359,35.30882395,2021-09-09
1314,5026,월정,128.2218266,35.19456701,2021-09-09
1315,5025,월정,128.2219281,35.19456599,2021-09-09
1316,49002,윙스타워,128.1287543,35.16492093,2021-09-09
1317,49001,윙스타워,128.1284695,35.16456306,2021-09-09
1318,10016,유곡,128.1568037,35.26059634,2021-09-09
1319,10015,유곡,128.156745,35.26071857,2021-09-09
1320,10082,유곡삼거리,128.164419,35.26061567,2021-09-09
1321,10081,유곡삼거리,128.1644644,35.26052736,2021-09-09
1322,43005,유곡한보아파트,128.0643087,35.19362725,2021-09-09
1323,44020,유곡한보아파트,128.0636202,35.19387665,2021-09-09
1324,10071,유동,128.1832452,35.26686139,2021-09-09
1325,10070,유동,128.1832052,35.2669429,2021-09-09
1326,2054,유동,128.0394601,35.12513179,2021-09-09
1327,2053,유동,128.0394204,35.12502848,2021-09-09
1328,2055,유동종점,128.0395832,35.12597121,2021-09-09
1329,10093,유동회관,128.1827089,35.2690928,2021-09-09
1330,2051,유동회관,128.0314206,35.12636543,2021-09-09
1331,2052,유동회관,128.0313731,35.12629823,2021-09-09
1332,10072,유동회관,128.182618,35.26907341,2021-09-09
1333,2073,유수,128.0236663,35.1287115,2021-09-09
1334,2074,유수,128.0235939,35.12884055,2021-09-09
1335,2037,유수교,128.0192247,35.13015724,2021-09-09
1336,2038,유수교,128.019314,35.13028493,2021-09-09
1337,18002,육거리,128.0849305,35.18511623,2021-09-09
1338,18001,육거리,128.0850211,35.18532271,2021-09-09
1339,2066,율곡,128.0942367,35.14810209,2021-09-09
1340,2067,율곡,128.0944141,35.14803524,2021-09-09
1341,2016,율곡입구,128.0944635,35.14894679,2021-09-09
1342,2017,율곡입구,128.0944952,35.14884961,2021-09-09
1343,2068,율곡종점,128.0905237,35.14501432,2021-09-09
1344,19007,은빛한보아파트,128.0936708,35.17026753,2021-09-09
1345,19008,은빛한보아파트,128.0931181,35.17038969,2021-09-09
1346,12031,응석사,128.0593485,35.29602632,2021-09-09
1347,12115,응석사,128.0592971,35.29586301,2021-09-09
1348,12110,응석사입구,128.0788633,35.26527311,2021-09-09
1349,12109,응석사입구,128.078897,35.26522173,2021-09-09
1350,12148,응석사입구/대암,128.0799598,35.26550442,2021-09-09
1351,12017,응석사입구/대암,128.0799897,35.26527658,2021-09-09
1352,1099,이곡,128.1804953,35.14860924,2021-09-09
1353,1037,이곡입구,128.168825,35.14621754,2021-09-09
1354,1038,이곡입구,128.1688272,35.146373,2021-09-09
1355,3058,이동,128.1091149,35.12722954,2021-09-09
1356,3036,이동,128.1091262,35.12685314,2021-09-09
1357,25005,이마트,128.0767443,35.19080665,2021-09-09
1358,25006,이마트,128.075937,35.19036768,2021-09-09
1359,7007,이반성교차로,128.3141434,35.15476424,2021-09-09
1360,7008,이반성교차로,128.3138105,35.15419103,2021-09-09
1361,7020,이반성면사무소,128.3263981,35.16858696,2021-09-09
1362,7021,이반성면사무소,128.3264386,35.16837697,2021-09-09
1363,7024,이반성보건소지소,128.3277133,35.17066351,2021-09-09
1364,7022,이반성보건소지소,128.3275492,35.17061269,2021-09-09
1365,7026,이반성초등학교,128.3276632,35.17230889,2021-09-09
1366,7025,이반성초등학교,128.32757,35.17230991,2021-09-09
1367,44017,이현동주민센터,128.0618623,35.19274948,2021-09-09
1368,44018,이현동주민센터,128.0620664,35.1928243,2021-09-09
1369,44011,이현상가,128.0653237,35.19253226,2021-09-09
1370,44012,이현상가,128.06555,35.19241535,2021-09-09
1371,44014,이현상가/동양주택,128.0670548,35.19141067,2021-09-09
1372,44013,이현상가/동양주택,128.0668458,35.19138547,2021-09-09
1373,44022,이현웰가아파트,128.0590224,35.19492416,2021-09-09
1374,44021,이현웰가아파트,128.0586507,35.19483728,2021-09-09
1375,44006,이현주공아파트,128.0597088,35.19113268,2021-09-09
1376,44005,이현주공아파트,128.0603261,35.19111151,2021-09-09
1377,4015,인담,128.1754457,35.12416856,2021-09-09
1378,4016,인담,128.1754388,35.12406949,2021-09-09
1379,4028,인담경로회관,128.1709791,35.11868232,2021-09-09
1380,4027,인담경로회관,128.1710813,35.11872865,2021-09-09
1381,25004,인사광장/진주성,128.0792742,35.19157953,2021-09-09
1382,22001,인사광장/진주성,128.0791589,35.1913665,2021-09-09
1383,6004,일반성면사무소,128.2772048,35.17074025,2021-09-09
1384,13021,임실,128.0888542,35.32305737,2021-09-09
1385,48019,자동차1번지,128.1226747,35.16299457,2021-09-09
1386,37009,자동차검사소,128.1074351,35.17350207,2021-09-09
1387,37010,자동차검사소,128.1072659,35.17357121,2021-09-09
1388,16019,자매,127.9349088,35.24449284,2021-09-09
1389,16018,자매,127.9348441,35.24459249,2021-09-09
1390,16020,자매회관,127.9327482,35.24457937,2021-09-09
1391,35008,자유시장,128.1113297,35.17958847,2021-09-09
1392,35007,자유시장,128.1106649,35.17974329,2021-09-09
1393,41023,자전거무료대여소,128.0689456,35.17235558,2021-09-09
1394,41022,자전거무료대여소,128.0692314,35.17359975,2021-09-09
1395,9088,작은옻점,128.2377077,35.24266124,2021-09-09
1396,9089,작은옻점,128.2376528,35.2424793,2021-09-09
1397,5018,장곡,128.2602144,35.16101536,2021-09-09
1398,5019,장곡,128.260133,35.16107254,2021-09-09
1399,5017,장곡경로당,128.2589576,35.16402971,2021-09-09
1400,5016,장곡경로당,128.25888,35.16398095,2021-09-09
1401,7037,장안,128.3424362,35.18858977,2021-09-09
1402,7054,장안,128.3423526,35.18874859,2021-09-09
1403,38005,장재실,128.1010139,35.21623257,2021-09-09
1404,38006,장재실,128.1010007,35.21667883,2021-09-09
1405,13010,장죽,128.1084096,35.28475996,2021-09-09
1406,13009,장죽,128.1084849,35.28484489,2021-09-09
1407,13008,장죽회관,128.1100921,35.28179733,2021-09-09
1408,13007,장죽회관,128.1099908,35.28182304,2021-09-09
1409,12044,장흥,128.1005859,35.22765135,2021-09-09
1410,12043,장흥,128.1004878,35.22770181,2021-09-09
1411,14073,장흥,128.0572783,35.28815817,2021-09-09
1412,14117,장흥,128.0572254,35.28810455,2021-09-09
1413,12046,장흥회관,128.105601,35.23499399,2021-09-09
1414,12047,장흥회관,128.1055882,35.2350617,2021-09-09
1415,6047,저동,128.2959051,35.18609768,2021-09-09
1416,6050,저동,128.2958092,35.18610547,2021-09-09
1417,8029,저동삼거리,128.2950609,35.19032019,2021-09-09
1418,8030,저동삼거리,128.2952944,35.19033346,2021-09-09
1419,15049,전령동,127.9783639,35.23263292,2021-09-09
1420,15050,전령동,127.978521,35.23268123,2021-09-09
1421,11017,전원주택단지,128.1561418,35.18414412,2021-09-09
1422,11018,전원주택단지,128.1562685,35.1840941,2021-09-09
1423,10038,절골,128.1616187,35.32805814,2021-09-09
1424,10092,절골,128.1616216,35.32787561,2021-09-09
1425,13094,점촌,128.1325101,35.29344101,2021-09-09
1426,13095,점촌,128.1327493,35.2932495,2021-09-09
1427,13049,점촌,128.1356069,35.29131234,2021-09-09
1428,13050,점촌,128.135644,35.29121285,2021-09-09
1429,13032,점촌회관,128.1299215,35.29016688,2021-09-09
1430,13031,점촌회관,128.1299593,35.28991868,2021-09-09
1431,2047,정동,128.0189687,35.1327304,2021-09-09
1432,2079,정동,128.0191261,35.13259388,2021-09-09
1433,2048,정동교차로,128.0164685,35.13415519,2021-09-09
1434,1108,정동입구,128.1395151,35.16151692,2021-09-09
1435,1073,정동입구,128.1394057,35.16134445,2021-09-09
1436,13028,정성,128.1264942,35.27823883,2021-09-09
1437,13027,정성,128.1264003,35.27820366,2021-09-09
1438,13081,정성1,128.1274177,35.28519264,2021-09-09
1439,13061,정성1,128.1273525,35.28524732,2021-09-09
1440,13080,정성회관,128.1230471,35.28350509,2021-09-09
1441,13060,정성회관,128.1231479,35.28343881,2021-09-09
1442,12116,정수,128.0841599,35.28422492,2021-09-09
1443,12117,정수,128.0830201,35.28551045,2021-09-09
1444,4048,정자,128.1754341,35.13481302,2021-09-09
1445,4060,정자,128.1753295,35.13497627,2021-09-09
1446,4050,정자1,128.181201,35.13395479,2021-09-09
1447,4049,정자1,128.181481,35.13396783,2021-09-09
1448,4004,정자입구,128.1707934,35.1365569,2021-09-09
1449,4005,정자회관,128.177052,35.134403,2021-09-09
1450,4006,정자회관,128.1768544,35.13439591,2021-09-09
1451,13023,정촌,128.0842435,35.33169027,2021-09-09
1452,13024,정촌,128.0841151,35.33175,2021-09-09
1453,3118,정촌대경파미르,128.1026105,35.12711764,2021-09-09
1454,3117,정촌대경파미르,128.1025473,35.12649181,2021-09-09
1455,3124,정촌대경파미르정문,128.100303,35.12847255,2021-09-09
1456,3125,정촌대경파미르정문,128.1003924,35.12859342,2021-09-09
1457,3114,정촌면사무소,128.1020444,35.13171045,2021-09-09
1458,3115,정촌면사무소,128.1025064,35.13037682,2021-09-09
1459,3134,정촌면사무소,128.1019157,35.13094347,2021-09-09
1460,3101,정촌산단입구,128.1055506,35.1285307,2021-09-09
1461,3100,정촌산단입구,128.1051996,35.12854066,2021-09-09
1462,3121,정촌우방아이유쉘,128.0994274,35.12148184,2021-09-09
1463,3122,정촌우방아이유쉘,128.0991853,35.12122716,2021-09-09
1464,3119,정촌유황사우나,128.1013649,35.12443631,2021-09-09
1465,3120,정촌유황사우나,128.1015488,35.12444366,2021-09-09
1466,47021,정촌초등학교,128.1086885,35.15950015,2021-09-09
1467,47020,정촌초등학교,128.1086997,35.15931528,2021-09-09
1468,12025,정평,128.0659455,35.27786373,2021-09-09
1469,12026,정평,128.0659702,35.27807306,2021-09-09
1470,12111,정평1,128.0638316,35.28493718,2021-09-09
1471,12030,정평1,128.0637626,35.28491751,2021-09-09
1472,12029,정평2,128.063033,35.28649442,2021-09-09
1473,12112,정평2,128.0631558,35.28642574,2021-09-09
1474,12136,정평교,128.0667667,35.27376668,2021-09-09
1475,12137,정평교,128.0669814,35.27380084,2021-09-09
1476,12114,정평못아래,128.0626667,35.28727274,2021-09-09
1477,12113,정평못아래,128.0625895,35.28725089,2021-09-09
1478,10013,정호,128.1337868,35.26522827,2021-09-09
1479,10012,정호,128.1338822,35.26537608,2021-09-09
1480,13071,정호경로당,128.1297805,35.27348771,2021-09-09
1481,1097,제곡,128.1801932,35.1573191,2021-09-09
1482,1043,제곡입구,128.1732318,35.1560464,2021-09-09
1483,1081,제곡입구,128.1735852,35.15581315,2021-09-09
1484,16090,조계,127.8969461,35.19896642,2021-09-09
1485,16089,조계,127.8969665,35.19907442,2021-09-09
1486,16060,조계회관입구,127.8982744,35.1954482,2021-09-09
1487,16061,조계회관입구,127.8984822,35.19536779,2021-09-09
1488,2011,조고개,128.0827959,35.15536528,2021-09-09
1489,2010,조고개,128.0810107,35.15543079,2021-09-09
1490,14011,조비,128.029629,35.2205516,2021-09-09
1491,14078,조비,128.0299878,35.22048095,2021-09-09
1492,14010,조비입구,128.0315106,35.21930531,2021-09-09
1493,14033,조비회관,128.0324279,35.22062465,2021-09-09
1494,14104,조비회관,128.0324762,35.22053862,2021-09-09
1495,49016,종합경기장/중소벤처진흥공단,128.1379743,35.1807493,2021-09-09
1496,49015,종합경기장/중소벤처진흥공단,128.1377587,35.18103067,2021-09-09
1497,49038,주상2-3블럭,128.1442616,35.17343559,2021-09-09
1498,49037,주상2-3블럭,128.1441719,35.17380895,2021-09-09
1499,19005,주약초등학교,128.0914279,35.17163521,2021-09-09
1500,19006,주약초등학교,128.0912572,35.17159168,2021-09-09
1501,4044,죽곡,128.1786784,35.07631175,2021-09-09
1502,4070,죽곡삼거리,128.1865725,35.08219465,2021-09-09
1503,4071,죽곡삼거리,128.1866264,35.08213328,2021-09-09
1504,1090,죽봉,128.1220493,35.14004701,2021-09-09
1505,1091,죽봉,128.1221179,35.14005088,2021-09-09
1506,1115,죽봉입구,128.1291947,35.14735047,2021-09-09
1507,1116,죽봉입구,128.1292833,35.14740823,2021-09-09
1508,12053,죽산,128.1234399,35.21859521,2021-09-09
1509,12052,죽산,128.1233923,35.21852354,2021-09-09
1510,12121,죽산삼거리,128.1241199,35.21633566,2021-09-09
1511,12122,죽산삼거리,128.1240774,35.2164352,2021-09-09
1512,12124,죽산회관,128.1196341,35.22557042,2021-09-09
1513,12123,죽산회관,128.1195293,35.22554209,2021-09-09
1514,8005,죽항,128.2597317,35.18201579,2021-09-09
1515,8004,죽항,128.2598091,35.18205104,2021-09-09
1516,7031,중도,128.3326982,35.1889204,2021-09-09
1517,7032,중도,128.3327772,35.18888348,2021-09-09
1518,27003,중앙시장(국민은행),128.0836702,35.1952063,2021-09-09
1519,27002,중앙시장(우리은행),128.0836727,35.19456411,2021-09-09
1520,27001,중앙시장(주차장),128.0854508,35.19349141,2021-09-09
1521,16107,중전,127.9566317,35.19016794,2021-09-09
1522,16108,중전,127.9566652,35.18998291,2021-09-09
1523,16003,중전1,127.9546604,35.19129662,2021-09-09
1524,16004,중전1,127.9548027,35.19126621,2021-09-09
1525,16005,중전2,127.9526802,35.19425951,2021-09-09
1526,16006,중전2,127.9529459,35.19420784,2021-09-09
1527,46036,중촌,128.0337537,35.19871619,2021-09-09
1528,46037,중촌,128.0338499,35.19872213,2021-09-09
1529,8007,중촌,128.2641468,35.18037452,2021-09-09
1530,8006,중촌,128.2642326,35.18042094,2021-09-09
1531,40003,중촌,128.0815814,35.2148778,2021-09-09
1532,10051,중촌,128.194065,35.24163417,2021-09-09
1533,10050,중촌,128.1939993,35.24183535,2021-09-09
1534,40004,중촌,128.0819811,35.21479311,2021-09-09
1535,5033,중촌삼거리,128.2222891,35.19154754,2021-09-09
1536,5036,증산,128.2315242,35.18965591,2021-09-09
1537,5037,증산,128.2311484,35.18949074,2021-09-09
1538,14118,지경,127.9967387,35.28042065,2021-09-09
1539,14119,지경,127.9968057,35.28028491,2021-09-09
1540,12070,지내,128.0786575,35.24704632,2021-09-09
1541,12071,지내,128.0785992,35.24700403,2021-09-09
1542,9066,지수면사무소,128.2698196,35.23486725,2021-09-09
1543,9061,지수면사무소,128.2699873,35.23505251,2021-09-09
1544,9036,지수삼거리,128.2692565,35.23045016,2021-09-09
1545,9035,지수삼거리,128.2693499,35.23045143,2021-09-09
1546,9034,지수삼거리/지수중학교,128.2688223,35.23025192,2021-09-09
1547,9086,지수초등학교,128.2518687,35.23245135,2021-09-09
1548,9060,지수초등학교,128.2520286,35.23248398,2021-09-09
1549,9038,지수파출소,128.2703202,35.23615082,2021-09-09
1550,9056,지철,128.2932699,35.22727357,2021-09-09
1551,9073,지철,128.2933069,35.22743447,2021-09-09
1552,7043,지화,128.3231783,35.17479417,2021-09-09
1553,7044,지화,128.3232207,35.17494901,2021-09-09
1554,16048,직금,127.9265743,35.19341881,2021-09-09
1555,16049,직금,127.9265924,35.19331502,2021-09-09
1556,5028,진동,128.2190219,35.20489471,2021-09-09
1557,5027,진동,128.2187975,35.20484417,2021-09-09
1558,8013,진등,128.2640266,35.18696639,2021-09-09
1559,8014,진등,128.2642383,35.18681322,2021-09-09
1560,36010,진명여자중학교/동진초등학교,128.1223679,35.18698773,2021-09-09
1561,36009,진명여자중학교/동진초등학교,128.1222137,35.18695085,2021-09-09
1562,16047,진서중고등학교/사방,127.9281844,35.19644391,2021-09-09
1563,16046,진서중고등학교/사방,127.9283002,35.19649259,2021-09-09
1564,5005,진성면사무소,128.2243881,35.18436337,2021-09-09
1565,5004,진성면사무소,128.2241846,35.18433614,2021-09-09
1566,5007,진성삼거리,128.224456,35.18742255,2021-09-09
1567,5006,진성삼거리,128.2245141,35.18635619,2021-09-09
1568,5012,진성초등학교,128.2254167,35.16896349,2021-09-09
1569,5011,진성초등학교,128.225521,35.16896694,2021-09-09
1570,7060,진안,128.3528845,35.1845845,2021-09-09
1571,46001,진양호공원,128.0395026,35.17075128,2021-09-09
1572,46002,진양호공원,128.0392438,35.17089996,2021-09-09
1573,46003,진양호삼거리,128.0424741,35.16749456,2021-09-09
1574,46004,진양호삼거리,128.0423679,35.16734225,2021-09-09
1575,46052,진양호입구교차로,128.0400299,35.16841687,2021-09-09
1576,46041,진양호차고지/경해여자고등학교,128.0398759,35.16562351,2021-09-09
1577,46042,진양호차고지/경해여자고등학교,128.0396232,35.16560314,2021-09-09
1578,46010,진양호통닭거리,128.0423886,35.16853405,2021-09-09
1579,46009,진양호통닭거리,128.0424767,35.16856033,2021-09-09
1580,10027,진주교도소,128.1619185,35.28173419,2021-09-09
1581,10087,진주교도소,128.1619688,35.28160527,2021-09-09
1582,10025,진주교도소입구,128.1662003,35.28063623,2021-09-09
1583,10026,진주교도소입구,128.1661088,35.28057402,2021-09-09
1584,42008,진주교육대학교,128.0697566,35.18687356,2021-09-09
1585,42007,진주교육대학교,128.0696919,35.18633335,2021-09-09
1586,35003,진주기계공업고등학교,128.1047034,35.17928858,2021-09-09
1587,35004,진주기계공업고등학교,128.1045824,35.17947895,2021-09-09
1588,20013,진주남중학교/제일병원,128.090841,35.1796756,2021-09-09
1589,17011,진주남중학교/제일병원,128.0905354,35.17980454,2021-09-09
1590,11026,진주노동고용지청,128.1433229,35.21780661,2021-09-09
1591,1082,진주노인요양병원,128.1751802,35.1530217,2021-09-09
1592,1083,진주노인요양병원,128.1751099,35.15309223,2021-09-09
1593,39008,진주동명중고등학교,128.1163297,35.20063284,2021-09-09
1594,39007,진주동명중고등학교,128.1160777,35.20027465,2021-09-09
1595,8054,진주동부요양원,128.2621529,35.18915352,2021-09-09
1596,8055,진주동부요양원,128.2622605,35.18919295,2021-09-09
1597,11040,진주동중학교/금산초등학교,128.1426943,35.21419018,2021-09-09
1598,11039,진주동중학교/금산초등학교,128.1426268,35.2140714,2021-09-09
1599,14081,진주목공예전수관,128.0425178,35.24630179,2021-09-09
1600,14111,진주목공예전수관,128.0426136,35.24627618,2021-09-09
1601,1035,진주바이오산업진흥원,128.1640173,35.15959853,2021-09-09
1602,1036,진주바이오산업진흥원,128.1641202,35.1595029,2021-09-09
1603,34003,진주보건대학교/경진고등학교,128.0694273,35.1977687,2021-09-09
1604,34004,진주보건대학교/경진고등학교,128.0688643,35.19774888,2021-09-09
1605,34021,진주봉원중학교,128.074243,35.2049252,2021-09-09
1606,34020,진주봉원중학교,128.0744434,35.20450432,2021-09-09
1607,35013,진주상공회의소/경남서부세관,128.1196953,35.18023246,2021-09-09
1608,20012,진주세무서,128.0896651,35.18204535,2021-09-09
1609,17010,진주세무서,128.0891379,35.18264269,2021-09-09
1610,14129,진주스파랜드,127.9947028,35.26086369,2021-09-09
1611,1020,진주시농업기술센터/두산입구,128.147665,35.14810075,2021-09-09
1612,1019,진주시농업기술센터/두산입구,128.1477684,35.14803894,2021-09-09
1613,35005,진주시청,128.10765,35.17942615,2021-09-09
1614,35006,진주시청,128.1085641,35.17964536,2021-09-09
1615,35019,진주시청입구,128.1068085,35.18031261,2021-09-09
1616,35018,진주시청입구,128.1070907,35.18009577,2021-09-09
1617,10065,진주실버센터,128.1730458,35.25171104,2021-09-09
1618,10066,진주실버센터,128.1727565,35.25165301,2021-09-09
1619,37034,진주아파트,128.1149479,35.17544304,2021-09-09
1620,37035,진주아파트,128.1145102,35.17554846,2021-09-09
1621,34011,진주여자고등학교,128.0780669,35.20012785,2021-09-09
1622,34010,진주여자고등학교,128.0778993,35.19990627,2021-09-09
1623,34009,진주여자고등학교사거리,128.0759631,35.19963507,2021-09-09
1624,34008,진주여자고등학교사거리,128.0760267,35.19946101,2021-09-09
1625,42029,진주여자중학교오거리,128.0642334,35.18701686,2021-09-09
1626,42030,진주여자중학교오거리,128.0643915,35.18714165,2021-09-09
1627,42027,진주여자중학교오거리/서부농협,128.0651923,35.18687999,2021-09-09
1628,42035,진주여자중학교입구,128.0637485,35.18392289,2021-09-09
1629,47026,진주역,128.1178075,35.15139025,2021-09-09
1630,1117,진주역철길밑,128.1239943,35.15141188,2021-09-09
1631,1118,진주역철길밑,128.1245819,35.15124644,2021-09-09
1632,47038,진주역환승정류장,128.1077469,35.15785918,2021-09-09
1633,6007,진주외국어고등학교/반성시장,128.2818303,35.17015062,2021-09-09
1634,6008,진주외국어고등학교/반성시장,128.2822756,35.17037573,2021-09-09
1635,49006,진주익룡발자국전시관,128.1376602,35.16643742,2021-09-09
1636,49005,진주익룡발자국전시관,128.1376162,35.16623053,2021-09-09
1637,41028,진주제일중학교,128.0659161,35.17525808,2021-09-09
1638,41029,진주제일중학교,128.065788,35.17532905,2021-09-09
1639,36030,진주중앙고등학교,128.1184578,35.19306936,2021-09-09
1640,36029,진주중앙고등학교,128.1186895,35.19295005,2021-09-09
1641,36025,진주중앙중학교,128.1249936,35.18891017,2021-09-09
1642,36026,진주중앙중학교,128.1245669,35.18901778,2021-09-09
1643,25003,진주초등학교,128.0780908,35.19196185,2021-09-09
1644,25002,진주초등학교,128.0776769,35.1924207,2021-09-09
1645,12032,집현면사무소,128.0860172,35.2397296,2021-09-09
1646,12033,집현면사무소,128.0860426,35.23957615,2021-09-09
1647,12042,집현우체국,128.1015161,35.23247382,2021-09-09
1648,12041,집현우체국,128.1013826,35.23234885,2021-09-09
1649,12045,집현우체국,128.1014402,35.2327494,2021-09-09
1650,12076,집현초등학교,128.0928431,35.2410291,2021-09-09
1651,12075,집현초등학교,128.0925758,35.24117122,2021-09-09
1652,12074,집현초등학교,128.0925993,35.24107994,2021-09-09
1653,12034,집현현대아파트,128.0918104,35.23856888,2021-09-09
1654,12036,집현현대아파트,128.0922994,35.2383797,2021-09-09
1655,12104,집현현대아파트정문,128.0881722,35.23945562,2021-09-09
1656,12105,집현현대아파트정문,128.0888485,35.23909578,2021-09-09
1657,4063,차현,128.1855623,35.12223587,2021-09-09
1658,4062,차현,128.1852582,35.12225687,2021-09-09
1659,4021,차현회관,128.1900105,35.1227939,2021-09-09
1660,4020,차현회관,128.1900094,35.1227173,2021-09-09
1661,46013,참빌라,128.0411154,35.17327461,2021-09-09
1662,46014,참빌라,128.0409055,35.17338908,2021-09-09
1663,14083,창바지,127.9935949,35.26372991,2021-09-09
1664,14106,창바지,127.9939215,35.26302647,2021-09-09
1665,16053,창촌,127.9221004,35.18469668,2021-09-09
1666,16052,창촌,127.9221793,35.18463974,2021-09-09
1667,16054,창촌삼거리,127.9206092,35.18170438,2021-09-09
1668,16056,창촌삼거리,127.920324,35.18172232,2021-09-09
1669,5039,천곡,128.2497533,35.18885402,2021-09-09
1670,5038,천곡,128.249588,35.18881742,2021-09-09
1671,3108,천공정밀,128.1055667,35.11552017,2021-09-09
1672,1113,천공정밀,128.1066247,35.11548122,2021-09-09
1673,20006,천전119안전센터,128.0956635,35.18339726,2021-09-09
1674,20005,천전119안전센터,128.0957186,35.18300019,2021-09-09
1675,20011,천전시장,128.0882519,35.18494222,2021-09-09
1676,17009,천전시장,128.0881921,35.18457322,2021-09-09
1677,20001,천전초등학교,128.0906056,35.18700174,2021-09-09
1678,20002,천전초등학교,128.0904267,35.18713416,2021-09-09
1679,12120,철수,128.0824255,35.29492971,2021-09-09
1680,12118,철수,128.0819976,35.29478257,2021-09-09
1681,30004,청과시장,128.0870578,35.1962575,2021-09-09
1682,30003,청과시장,128.0873418,35.19614679,2021-09-09
1683,9046,청담,128.2734979,35.24740586,2021-09-09
1684,9045,청담,128.2734723,35.24735205,2021-09-09
1685,9043,청담삼거리,128.2751686,35.24727786,2021-09-09
1686,9044,청담삼거리,128.2750642,35.24727671,2021-09-09
1687,15008,청동기문화박물관,127.9628424,35.22564282,2021-09-09
1688,15009,청동기문화박물관,127.9629803,35.22537813,2021-09-09
1689,35024,청락원,128.1019803,35.18493749,2021-09-09
1690,37017,청암프라자,128.1155794,35.17124844,2021-09-09
1691,37018,청암프라자,128.1155535,35.17116305,2021-09-09
1692,9085,청원,128.2765023,35.2257964,2021-09-09
1693,9071,청원,128.2850748,35.22824636,2021-09-09
1694,9072,청원,128.2851805,35.22833086,2021-09-09
1695,9058,청원1,128.2875331,35.2272401,2021-09-09
1696,9059,청원1,128.2874246,35.22732912,2021-09-09
1697,9050,청원입구,128.2757943,35.22585026,2021-09-09
1698,9092,청원회관,128.282879,35.22861831,2021-09-09
1699,9093,청원회관,128.2827517,35.22890807,2021-09-09
1700,11069,청천,128.1332668,35.21384844,2021-09-09
1701,11038,청천,128.1341216,35.21411082,2021-09-09
1702,8027,초문,128.2875486,35.19536409,2021-09-09
1703,8028,초문,128.2874334,35.19536756,2021-09-09
1704,39012,초북사거리,128.1157517,35.208351,2021-09-09
1705,39011,초북사거리,128.1155193,35.20801967,2021-09-09
1706,39010,초장동행정복지센터,128.1160852,35.20383019,2021-09-09
1707,39009,초장동행정복지센터,128.1159045,35.20266017,2021-09-09
1708,39027,초전공원,128.1271878,35.20389182,2021-09-09
1709,39028,초전공원,128.1269453,35.20402702,2021-09-09
1710,39036,초전푸르지오,128.1106042,35.20815273,2021-09-09
1711,39037,초전푸르지오,128.1105288,35.20806104,2021-09-09
1712,39034,초전해모로4단지,128.1079597,35.21194438,2021-09-09
1713,39035,초전해모로4단지,128.1085401,35.21060515,2021-09-09
1714,44015,촉석초등학교/서부도서관,128.0632287,35.18995492,2021-09-09
1715,44016,촉석초등학교/서부도서관,128.0630843,35.18982099,2021-09-09
1716,44010,촉석초등학교사거리,128.0630299,35.19177934,2021-09-09
1717,44009,촉석초등학교사거리,128.0629527,35.19194246,2021-09-09
1718,13025,추계,128.0858205,35.33406225,2021-09-09
1719,13026,추계,128.0859496,35.33405208,2021-09-09
1720,14070,추동삼거리,128.0578623,35.25318746,2021-09-09
1721,14069,추동삼거리,128.0577496,35.25318168,2021-09-09
1722,14068,추동회관,128.0550782,35.25180349,2021-09-09
1723,14067,추동회관,128.0551295,35.25173319,2021-09-09
1724,49012,충무공동행정복지센터,128.1489844,35.1755936,2021-09-09
1725,49011,충무공동행정복지센터,128.149104,35.17570513,2021-09-09
1726,49009,충무공초등학교/대방노블랜드,128.1486832,35.1723225,2021-09-09
1727,49010,충무공초등학교/대방노블랜드,128.1486512,35.17258869,2021-09-09
1728,37023,카라스소프트,128.123078,35.17635485,2021-09-09
1729,37024,카라스소프트,128.1229011,35.17626861,2021-09-09
1730,41002,퀸즈웰가아파트,128.0491737,35.16718209,2021-09-09
1731,41001,퀸즈웰가아파트,128.0497074,35.16706931,2021-09-09
1732,49004,클러스트 5블럭,128.1327538,35.16582996,2021-09-09
1733,49003,클러스트 5블럭,128.1332678,35.16569446,2021-09-09
1734,16082,태원농장,127.9287388,35.17859136,2021-09-09
1735,16092,태원농장,127.9290179,35.1785126,2021-09-09
1736,14113,토담,128.0273896,35.26571667,2021-09-09
1737,14059,토담삼거리,128.0321536,35.26020534,2021-09-09
1738,14057,토담삼거리,128.0323183,35.26012576,2021-09-09
1739,14060,토담종점,128.0273298,35.26563388,2021-09-09
1740,14028,토현,127.9899436,35.28516565,2021-09-09
1741,14027,토현,127.9902504,35.28418073,2021-09-09
1742,17005,통계청사거리,128.087197,35.18612543,2021-09-09
1743,17006,통계청사거리,128.0872875,35.18591732,2021-09-09
1744,49025,트레젠웰가/롯데몰,128.1391086,35.17840655,2021-09-09
1745,49026,트레젠웰가/롯데몰,128.1393451,35.1782421,2021-09-09
1746,46032,판문동차고지,128.0393572,35.1847656,2021-09-09
1747,46033,판문동차고지,128.0394215,35.1850805,2021-09-09
1748,41004,판문동행정복지센터,128.0526264,35.16766138,2021-09-09
1749,41003,판문동행정복지센터,128.0525517,35.16782651,2021-09-09
1750,46008,판문현대아파트,128.0468469,35.1669769,2021-09-09
1751,46007,판문현대아파트,128.0467148,35.16716055,2021-09-09
1752,14024,팔미,127.9953989,35.25601348,2021-09-09
1753,14025,팔미,127.9945539,35.25722141,2021-09-09
1754,41024,평거LH5단지,128.059413,35.16563898,2021-09-09
1755,41025,평거LH5단지,128.0595419,35.16542154,2021-09-09
1756,46046,평거초등학교,128.0449936,35.16710331,2021-09-09
1757,46006,평거초등학교,128.0447278,35.16735121,2021-09-09
1758,46015,평거초등학교정문,128.0444889,35.16862637,2021-09-09
1759,46016,평거초등학교정문,128.0443759,35.16858678,2021-09-09
1760,42017,평거현대1차아파트,128.0687046,35.17926458,2021-09-09
1761,42041,평거현대1차아파트,128.0689361,35.17934366,2021-09-09
1762,15025,평년재,127.9934703,35.21072534,2021-09-09
1763,15026,평년재,127.9935552,35.21071112,2021-09-09
1764,12021,평방,128.0718647,35.26793561,2021-09-09
1765,12022,평방,128.071956,35.267946,2021-09-09
1766,12024,평방1,128.0693167,35.27031947,2021-09-09
1767,12023,평방1,128.0692884,35.27025438,2021-09-09
1768,12089,평촌,128.127291,35.23617513,2021-09-09
1769,12090,평촌,128.1277313,35.23619337,2021-09-09
1770,7029,평촌교회,128.3323125,35.18749162,2021-09-09
1771,7030,평촌교회,128.3323995,35.18743884,2021-09-09
1772,12127,평촌삼거리,128.1302076,35.23539085,2021-09-09
1773,12128,평촌새동네,128.130112,35.24175709,2021-09-09
1774,12129,평촌새동네,128.1301011,35.24196449,2021-09-09
1775,3094,포렉스,128.1055405,35.12149834,2021-09-09
1776,3095,포렉스,128.1056874,35.12140687,2021-09-09
1777,17001,포시즌,128.0873036,35.18689529,2021-09-09
1778,17002,포시즌,128.0869151,35.18719621,2021-09-09
1779,6025,포실,128.2696814,35.161793,2021-09-09
1780,6024,포실,128.2698027,35.16183003,2021-09-09
1781,36028,폴리텍대학/하대동행정복지센터,128.1264597,35.18915546,2021-09-09
1782,36027,폴리텍대학/하대동행정복지센터,128.127287,35.1890396,2021-09-09
1783,49035,풀에버정문/대곡중학교,128.1347644,35.17130681,2021-09-09
1784,49036,풀에버정문/대곡중학교,128.1348764,35.17107367,2021-09-09
1785,49033,풀에버후문,128.1308237,35.17129634,2021-09-09
1786,49034,풀에버후문,128.1309168,35.17108817,2021-09-09
1787,9008,필동,128.2512765,35.21980853,2021-09-09
1788,9007,필동,128.2513694,35.21977377,2021-09-09
1789,9010,필동삼거리,128.2505611,35.22471888,2021-09-09
1790,9011,필동삼거리,128.2506631,35.22474261,2021-09-09
1791,9084,필동삼거리/대필동,128.2503725,35.2247749,2021-09-09
1792,36021,하대대림아파트,128.1281533,35.19371397,2021-09-09
1793,36022,하대대림아파트,128.1278798,35.19417843,2021-09-09
1794,39003,하대대영/초전대림아파트,128.1130492,35.1968055,2021-09-09
1795,36035,하대대영/초전대림아파트,128.1129621,35.19665533,2021-09-09
1796,16028,하대우,127.9150352,35.22846173,2021-09-09
1797,16027,하대우,127.9149142,35.22844687,2021-09-09
1798,35042,하대주공아파트,128.126111,35.1845711,2021-09-09
1799,36024,하대주공아파트,128.1260806,35.18475615,2021-09-09
1800,36013,하대탑마트,128.1219816,35.19262441,2021-09-09
1801,36014,하대탑마트,128.1218405,35.19234857,2021-09-09
1802,36036,하대탑마트앞,128.1209736,35.19318129,2021-09-09
1803,36037,하대탑마트앞,128.1212489,35.19303904,2021-09-09
1804,36034,하대현대아파트,128.1267306,35.19345232,2021-09-09
1805,36033,하대현대아파트,128.126792,35.19332332,2021-09-09
1806,7046,하동,128.3191552,35.1696658,2021-09-09
1807,7045,하동,128.3194204,35.17006833,2021-09-09
1808,16058,하조계,127.9039317,35.19220642,2021-09-09
1809,16059,하조계,127.9038698,35.1923173,2021-09-09
1810,16001,하중전,127.9586587,35.18771837,2021-09-09
1811,16002,하중전,127.9586712,35.18784445,2021-09-09
1812,9055,하촌,128.2806069,35.22841088,2021-09-09
1813,9054,하촌,128.2809395,35.22843214,2021-09-09
1814,9057,하촌,128.2779925,35.21911483,2021-09-09
1815,5043,하촌,128.2093436,35.21258636,2021-09-09
1816,9070,하촌,128.2779306,35.2190186,2021-09-09
1817,38001,하촌1,128.0981384,35.21108299,2021-09-09
1818,38002,하촌1,128.0985853,35.21082883,2021-09-09
1819,40001,하촌2,128.0924864,35.21299531,2021-09-09
1820,40002,하촌2,128.0923889,35.21288803,2021-09-09
1821,15021,하촌경로당,127.9641544,35.19707317,2021-09-09
1822,15047,하촌경로당,127.9642529,35.19704309,2021-09-09
1823,2099,학산암입구,128.0242563,35.13464843,2021-09-09
1824,2100,학산암입구,128.0242162,35.1347344,2021-09-09
1825,1111,한국국제대,128.2024758,35.17020962,2021-09-09
1826,1112,한국국제대,128.202496,35.17027251,2021-09-09
1827,49018,한국남동발전/LH1단지,128.1475776,35.18054604,2021-09-09
1828,49017,한국남동발전/LH1단지,128.14759,35.1808411,2021-09-09
1829,49028,한국산업기술시험원/혁신탑마트,128.1443294,35.1770691,2021-09-09
1830,49027,한국산업기술시험원/혁신탑마트,128.1449314,35.1769211,2021-09-09
1831,49029,한국세라믹기술원,128.1341285,35.17649748,2021-09-09
1832,49030,한국세라믹기술원,128.1343344,35.17630402,2021-09-09
1833,49024,한국승강기안전공단,128.1381075,35.17726456,2021-09-09
1834,49023,한국승강기안전공단,128.1370816,35.17710745,2021-09-09
1835,35015,한국전력,128.1219334,35.18033793,2021-09-09
1836,35014,한국전력/진주상공회의소,128.1205335,35.17992052,2021-09-09
1837,16051,한샘,127.9237008,35.18981747,2021-09-09
1838,16050,한샘,127.923794,35.1898055,2021-09-09
1839,10064,한실,128.2245524,35.23735036,2021-09-09
1840,10097,한실,128.2245535,35.23742696,2021-09-09
1841,10102,한실입구,128.2303945,35.23666697,2021-09-09
1842,10103,한실입구,128.2303846,35.23674143,2021-09-09
1843,49042,한일병원,128.1295942,35.16811722,2021-09-09
1844,49041,한일병원,128.1293396,35.16796186,2021-09-09
1845,35016,한전사거리,128.1240259,35.18042443,2021-09-09
1846,35017,한전사거리,128.1236886,35.18004451,2021-09-09
1847,19009,한주럭키타운아파트,128.0923228,35.17617421,2021-09-09
1848,19010,한주럭키타운아파트,128.0926443,35.17599781,2021-09-09
1849,42011,한주파크맨션,128.0732128,35.1810769,2021-09-09
1850,42044,한주파크맨션,128.0729437,35.18086072,2021-09-09
1851,14012,함박,128.02313,35.22583426,2021-09-09
1852,14013,함박,128.0230068,35.22563926,2021-09-09
1853,3054,함촌,128.0896639,35.12829938,2021-09-09
1854,3053,함촌,128.0895087,35.12813294,2021-09-09
1855,3027,함촌경로당,128.0853758,35.12671216,2021-09-09
1856,3028,함촌경로당,128.0853413,35.12659305,2021-09-09
1857,3026,함촌삼거리,128.0901322,35.12655906,2021-09-09
1858,3025,함촌삼거리,128.0902097,35.12640063,2021-09-09
1859,12028,해룡사,128.0655632,35.27972601,2021-09-09
1860,12027,해룡사,128.0655628,35.27948266,2021-09-09
1861,12072,현동,128.0867139,35.24398871,2021-09-09
1862,12073,현동,128.0866968,35.24391197,2021-09-09
1863,11034,현지/이편한세상/두산위브,128.1506045,35.22004123,2021-09-09
1864,11033,현지/이편한세상/두산위브,128.1504958,35.22011663,2021-09-09
1865,12146,혈암,128.0779401,35.26182416,2021-09-09
1866,12147,혈암,128.0777119,35.26202447,2021-09-09
1867,12141,혈암1,128.0691734,35.2544753,2021-09-09
1868,12142,혈암1,128.0688205,35.25437927,2021-09-09
1869,12144,혈암2,128.0737018,35.26041978,2021-09-09
1870,12145,혈암2,128.0737828,35.2607255,2021-09-09
1871,12143,혈암회관,128.0707909,35.25799406,2021-09-09
1872,12149,혈암회관,128.0704592,35.25803357,2021-09-09
1873,48011,호탄대경아파트,128.1151259,35.16436667,2021-09-09
1874,48012,호탄대경아파트,128.1151832,35.16454415,2021-09-09
1875,4014,홍정,128.1716743,35.1289279,2021-09-09
1876,4013,홍정,128.1717718,35.1290306,2021-09-09
1877,4052,홍정1,128.1716474,35.1322179,2021-09-09
1878,14087,홍지소류지,128.0365109,35.27845075,2021-09-09
1879,14088,홍지소류지,128.0359954,35.27853628,2021-09-09
1880,14050,홍지회관,128.0386772,35.27724246,2021-09-09
1881,14051,홍지회관,128.0387577,35.27730486,2021-09-09
1882,3128,화개천,128.1060166,35.13035815,2021-09-09
1883,8036,화광,128.3122109,35.20966615,2021-09-09
1884,8037,화광,128.3122838,35.20976225,2021-09-09
1885,8038,화광종점,128.3100697,35.21241118,2021-09-09
1886,8070,화광종점,128.3100732,35.21212049,2021-09-09
1887,3004,화동,128.0979198,35.13645722,2021-09-09
1888,3003,화동,128.0975945,35.13552055,2021-09-09
1889,3116,화동회관입구,128.1012477,35.13222918,2021-09-09
1890,48022,화물차공영차고지,128.115739,35.16144081,2021-09-09
1891,48005,화물차공영차고지,128.1167282,35.16154211,2021-09-09
1892,48020,화물차공영차고지입구,128.116488,35.16103734,2021-09-09
1893,48021,화물차공영차고지입구,128.1166948,35.16110979,2021-09-09
1894,35037,화물터미널,128.1226988,35.18190811,2021-09-09
1895,35038,화물터미널,128.1225404,35.1819659,2021-09-09
1896,3126,화원,128.0973233,35.13535832,2021-09-09
1897,3079,화원입구,128.0962147,35.13182642,2021-09-09
1898,16041,효남,127.9437016,35.18050365,2021-09-09
1899,16040,효남,127.9435868,35.1805406,2021-09-09
1900,16101,효남1,127.9425997,35.18395075,2021-09-09
1901,16100,효남1,127.9424369,35.18410975,2021-09-09
1902,16083,효동,127.9400869,35.19144894,2021-09-09
1903,16084,효동,127.9399965,35.19146541,2021-09-09
1904,41008,휴먼시아3단지/평거주공1단지,128.0582765,35.17106189,2021-09-09
1905,41007,휴먼시아3단지/평거주공1단지,128.057752,35.17039951,2021-09-09
1906,41005,휴먼시아4단지/평거주공2단지,128.0555725,35.16907557,2021-09-09
1907,41006,휴먼시아4단지/평거주공2단지,128.0552439,35.1691235,2021-09-09
1908,41014,희망교/평거탑마트,128.0617523,35.17161732,2021-09-09
1909,41015,희망교/평거탑마트,128.0621754,35.17080695,2021-09-09
1910,39032,힐스테이트초전,128.1063786,35.21216388,2021-09-09
1911,39033,힐스테이트초전,128.1062424,35.21224624,2021-09-09
